USE instagram;

INSERT INTO
  acount_types(id, name, created_at, updated_at)
VALUES
	(1, 'usual', '2005-03-05 18:02:14', '1996-06-13 04:29:14'),
	(2, 'buisnes', '2015-01-04 16:34:27', '1977-05-20 22:27:02');

INSERT INTO
  content (id, user_id, filename, size, metadata, content_types_id, created_at, updated_at)
VALUES
	(1, 1, 'ratione', 50300, NULL, 1, '1994-04-10 19:55:26', '1998-11-27 20:44:13'),
	(2, 2, 'perferendis', 116, NULL, 2, '2020-07-10 18:23:54', '2016-12-25 05:45:25'),
	(3, 3, 'nostrum', 0, NULL, 3, '2011-12-22 01:15:37', '1999-04-08 22:19:50'),
	(4, 4, 'eum', 810, NULL, 1, '2005-05-18 18:33:47', '2005-03-22 10:49:38'),
	(5, 5, 'expedita', 0, NULL, 2, '2016-10-22 08:24:43', '2011-10-14 08:21:24'),
	(6, 6, 'ab', 453, NULL, 3, '1977-11-10 16:38:39', '1996-03-22 14:49:09'),
	(7, 7, 'non', 569595145, NULL, 1, '1996-11-14 12:22:36', '1985-04-27 18:40:55'),
	(8, 8, 'blanditiis', 8005173, NULL, 2, '1973-08-20 15:21:52', '2016-04-16 14:03:18'),
	(9, 9, 'earum', 27537448, NULL, 3, '1980-09-14 04:19:26', '1988-11-19 17:08:45'),
	(10, 10, 'aspernatur', 8, NULL, 1, '1972-04-21 06:59:19', '1970-02-20 09:18:31'),
	(11, 11, 'sunt', 104, NULL, 2, '1977-12-26 08:35:57', '1974-12-31 14:02:04'),
	(12, 12, 'exercitationem', 1, NULL, 3, '1983-06-15 01:24:42', '1982-05-17 23:04:34'),
	(13, 13, 'facilis', 0, NULL, 1, '2014-02-05 21:12:02', '1993-02-16 22:05:20'),
	(14, 14, 'omnis', 9486, NULL, 2, '2000-12-08 04:03:02', '1992-05-26 00:14:46'),
	(15, 15, 'iste', 381, NULL, 3, '2018-08-06 11:19:04', '1976-02-29 01:44:11'),
	(16, 16, 'consequatur', 0, NULL, 1, '2010-10-28 02:56:06', '1998-02-11 13:12:45'),
	(17, 17, 'eveniet', 76140, NULL, 2, '2000-08-26 07:29:59', '1987-02-01 21:52:06'),
	(18, 18, 'maiores', 10523, NULL, 3, '1985-04-20 09:05:41', '2000-09-05 12:59:24'),
	(19, 19, 'quia', 783343, NULL, 1, '2019-05-26 06:13:56', '1977-03-03 16:01:13'),
	(20, 20, 'inventore', 3, NULL, 2, '1984-03-17 11:07:50', '2003-09-25 11:11:16'),
	(21, 21, 'libero', 29128, NULL, 3, '1990-11-24 07:13:23', '2007-03-08 07:36:57'),
	(22, 22, 'itaque', 549, NULL, 1, '1982-07-29 16:31:38', '2001-02-02 18:32:53'),
	(23, 23, 'rerum', 9, NULL, 2, '2004-03-07 15:28:55', '1987-05-21 05:21:57'),
	(24, 24, 'quos', 0, NULL, 3, '1975-12-30 20:51:55', '1995-05-17 12:28:04'),
	(25, 25, 'consectetur', 5070757, NULL, 1, '2008-07-17 15:12:38', '1979-07-05 01:05:12'),
	(26, 26, 'labore', 4, NULL, 2, '2015-09-11 22:37:20', '2011-10-22 20:11:48'),
	(27, 27, 'quia', 14, NULL, 3, '1979-11-29 21:07:01', '1992-01-30 10:17:14'),
	(28, 28, 'sunt', 76611831, NULL, 1, '2015-06-29 07:38:09', '1993-05-18 16:44:01'),
	(29, 29, 'minus', 653476, NULL, 2, '1996-07-30 21:11:00', '1998-04-11 02:40:34'),
	(30, 30, 'sint', 9927411, NULL, 3, '1998-10-29 02:23:11', '1995-07-26 04:10:10'),
	(31, 31, 'voluptatibus', 667, NULL, 1, '1994-02-06 23:46:27', '1985-09-20 10:18:10'),
	(32, 32, 'at', 87787665, NULL, 2, '2002-04-16 17:22:12', '2000-04-07 13:05:55'),
	(33, 33, 'accusamus', 0, NULL, 3, '1975-11-07 09:37:23', '1983-07-19 15:42:01'),
	(34, 34, 'voluptatem', 276509, NULL, 1, '2011-07-04 22:23:39', '1973-12-30 06:51:20'),
	(35, 35, 'eos', 28, NULL, 2, '1992-02-24 14:22:49', '1981-04-27 12:43:12'),
	(36, 36, 'qui', 8140, NULL, 3, '2017-07-20 00:38:10', '2013-11-24 16:09:05'),
	(37, 37, 'sed', 982307311, NULL, 1, '1979-10-01 01:15:12', '1985-01-28 23:02:13'),
	(38, 38, 'doloribus', 665775, NULL, 2, '2014-09-10 05:15:24', '2000-05-10 10:58:51'),
	(39, 39, 'nesciunt', 8, NULL, 3, '2009-09-07 13:34:52', '2010-10-17 18:36:38'),
	(40, 40, 'sed', 61242742, NULL, 1, '1975-11-01 12:38:37', '1983-07-24 19:06:41'),
	(41, 41, 'aut', 0, NULL, 2, '2018-07-26 11:31:52', '1981-09-05 02:45:40'),
	(42, 42, 'praesentium', 86344366, NULL, 3, '1998-05-31 15:19:42', '1977-01-13 20:40:17'),
	(43, 43, 'illum', 35, NULL, 1, '2008-03-16 21:50:50', '1994-09-27 15:17:50'),
	(44, 44, 'sed', 97, NULL, 2, '1985-06-24 16:49:22', '1976-07-12 16:58:52'),
	(45, 45, 'labore', 47, NULL, 3, '1971-02-09 21:48:27', '1983-09-05 13:43:15'),
	(46, 46, 'quis', 724471, NULL, 1, '2016-09-10 08:31:23', '2010-12-02 06:32:15'),
	(47, 47, 'officiis', 738, NULL, 2, '1983-01-22 00:21:06', '2011-01-23 03:26:00'),
	(48, 48, 'alias', 9706, NULL, 3, '1990-11-21 21:35:02', '1975-04-11 05:45:59'),
	(49, 49, 'dolorum', 8134169, NULL, 1, '1981-07-18 22:48:28', '1987-08-27 00:12:54'),
	(50, 50, 'rem', 2220, NULL, 2, '1993-07-29 15:25:27', '1988-06-10 08:15:38'),
	(51, 51, 'consequatur', 648, NULL, 3, '2020-06-13 14:31:05', '2006-02-14 06:59:43'),
	(52, 52, 'ea', 61672674, NULL, 1, '2013-12-10 15:49:57', '1998-12-17 03:45:25'),
	(53, 53, 'magnam', 78846, NULL, 2, '2006-05-23 15:37:18', '1991-11-16 08:38:21'),
	(54, 54, 'soluta', 0, NULL, 3, '2011-06-04 21:22:56', '2010-08-07 11:43:56'),
	(55, 55, 'enim', 630, NULL, 1, '1995-05-20 15:03:27', '1989-08-07 01:08:57'),
	(56, 56, 'voluptatibus', 136693192, NULL, 2, '1982-06-12 08:32:06', '1971-08-04 04:25:11'),
	(57, 57, 'praesentium', 6439338, NULL, 3, '2008-07-21 17:08:51', '1984-05-29 10:52:25'),
	(58, 58, 'consectetur', 8, NULL, 1, '1982-06-18 11:04:29', '2019-04-04 01:41:07'),
	(59, 59, 'aspernatur', 1971515, NULL, 2, '2020-06-05 05:21:34', '1981-09-23 13:26:56'),
	(60, 60, 'beatae', 129, NULL, 3, '1980-07-14 23:10:01', '2007-12-22 15:41:17'),
	(61, 61, 'labore', 9273, NULL, 1, '1970-06-06 07:25:07', '1998-10-16 01:18:47'),
	(62, 62, 'nam', 0, NULL, 2, '1990-01-20 10:02:36', '2008-10-26 18:04:54'),
	(63, 63, 'eaque', 8, NULL, 3, '1988-08-26 09:23:22', '2002-12-25 23:08:39'),
	(64, 64, 'dolores', 350, NULL, 1, '1981-12-25 00:50:33', '1978-02-17 15:17:53'),
	(65, 65, 'sequi', 278334027, NULL, 2, '1970-01-22 22:18:33', '1999-02-19 16:16:52'),
	(66, 66, 'corporis', 35099611, NULL, 3, '1991-04-23 04:56:23', '1987-01-04 00:00:33'),
	(67, 67, 'eaque', 51802764, NULL, 1, '2002-01-23 02:47:01', '1981-01-28 14:20:38'),
	(68, 68, 'est', 757415901, NULL, 2, '2019-06-14 15:36:57', '2002-09-28 08:17:54'),
	(69, 69, 'harum', 5152065, NULL, 3, '1994-08-24 04:53:04', '1989-08-16 01:04:32'),
	(70, 70, 'sequi', 230332485, NULL, 1, '2013-09-03 07:49:35', '2011-03-05 19:57:00'),
	(71, 71, 'quibusdam', 8, NULL, 2, '2007-10-17 13:16:41', '2007-08-31 09:53:06'),
	(72, 72, 'voluptate', 40838803, NULL, 3, '2015-09-12 03:47:23', '2008-12-14 08:49:28'),
	(73, 73, 'sint', 0, NULL, 1, '2008-12-16 07:49:47', '2000-04-24 10:03:03'),
	(74, 74, 'sapiente', 46, NULL, 2, '2015-02-19 12:47:40', '1971-12-28 05:18:48'),
	(75, 75, 'deserunt', 407, NULL, 3, '1973-08-12 18:33:53', '1971-01-25 13:12:06'),
	(76, 76, 'voluptates', 61, NULL, 1, '1979-07-27 21:34:26', '1973-05-28 03:37:14'),
	(77, 77, 'voluptas', 0, NULL, 2, '2000-03-01 16:45:26', '1989-11-10 00:13:51'),
	(78, 78, 'eveniet', 11333, NULL, 3, '2000-09-03 08:29:00', '1996-02-21 04:26:29'),
	(79, 79, 'qui', 9499278, NULL, 1, '2004-09-13 02:15:06', '1972-10-16 06:40:28'),
	(80, 80, 'aut', 74556, NULL, 2, '1988-06-01 01:40:09', '1976-09-19 23:54:46'),
	(81, 81, 'enim', 528, NULL, 3, '1987-11-08 16:21:59', '2009-05-07 21:04:32'),
	(82, 82, 'at', 1807546, NULL, 1, '2008-10-12 14:00:22', '2012-12-27 03:05:42'),
	(83, 83, 'quia', 247513836, NULL, 2, '1993-12-14 10:35:11', '2011-02-11 22:38:46'),
	(84, 84, 'odit', 217, NULL, 3, '1975-07-24 04:25:24', '2019-06-28 01:17:14'),
	(85, 85, 'id', 1637, NULL, 1, '1980-10-08 10:58:32', '1974-09-18 12:48:32'),
	(86, 86, 'et', 37130, NULL, 2, '1998-11-22 13:00:43', '2000-02-12 04:26:32'),
	(87, 87, 'tenetur', 6, NULL, 3, '1980-02-06 23:25:40', '2008-10-01 01:23:29'),
	(88, 88, 'illo', 87, NULL, 1, '2008-04-24 04:28:36', '2003-04-17 18:37:55'),
	(89, 89, 'sint', 7200859, NULL, 2, '1992-12-16 12:16:24', '1992-11-27 22:38:23'),
	(90, 90, 'labore', 758, NULL, 3, '2007-07-10 03:26:18', '1983-10-15 07:56:22'),
	(91, 91, 'in', 1, NULL, 1, '2009-08-08 20:54:05', '1994-11-24 19:28:04'),
	(92, 92, 'non', 317254195, NULL, 2, '2000-11-09 00:40:17', '2007-10-17 13:40:23'),
	(93, 93, 'et', 15636, NULL, 3, '1994-03-10 03:44:54', '1993-05-15 13:15:29'),
	(94, 94, 'illo', 5045, NULL, 1, '2007-11-19 21:29:54', '1983-06-04 08:03:31'),
	(95, 95, 'qui', 878035874, NULL, 2, '1978-06-22 02:49:10', '2018-06-24 06:27:10'),
	(96, 96, 'ullam', 662, NULL, 3, '1995-08-06 13:06:55', '2013-04-05 15:07:17'),
	(97, 97, 'et', 42, NULL, 1, '1995-07-17 08:59:17', '2010-01-08 05:11:07'),
	(98, 98, 'commodi', 1146, NULL, 2, '2019-01-04 07:17:47', '1989-05-01 08:20:06'),
	(99, 99, 'mollitia', 90058482, NULL, 3, '1978-03-09 08:33:50', '2000-02-23 09:16:04'),
	(100, 100, 'omnis', 717586, NULL, 1, '2005-04-29 23:35:22', '1990-03-26 00:04:20');

INSERT INTO
  content_types (id, name, created_at, updated_at)
VALUES
	(1, 'mp4', '1970-11-03 10:29:26', '2013-12-03 21:42:10'),
	(2, 'jpeg', '1996-06-09 12:14:03', '2013-03-10 03:19:28'),
	(3, 'DNG', '2010-02-13 04:54:04', '1997-06-28 15:16:18');

INSERT INTO
  direct (id, from_user_id, to_user_id, body, content_id, is_delivered, created_at)
VALUES
	(1, 1, 1, 'Nulla error rerum et a. Delectus non laudantium magnam aut quo aut. Ratione est molestiae voluptas ducimus.', 1, 1, '2005-02-02 06:18:20'),
	(2, 2, 2, 'Iusto explicabo consequatur sunt a aut dolores. Velit aut corporis expedita doloremque veritatis amet. Id nobis nulla cumque tempora velit libero non.', 2, 0, '1992-03-02 13:42:10'),
	(3, 3, 3, 'Ipsa quisquam reprehenderit eveniet provident itaque assumenda. Pariatur atque et distinctio et placeat ut qui. Qui aliquam magni ratione architecto.', 3, 0, '1972-01-31 12:40:29'),
	(4, 4, 4, 'Repellat et nobis adipisci debitis nisi doloribus dignissimos. Voluptatum enim porro maiores voluptas aut et neque. Sequi maxime et vitae repellat sequi quia. Et cumque omnis voluptas aliquid quisquam dignissimos consequatur numquam. Ut voluptatibus pariatur aut autem.', 4, 0, '2019-03-10 23:18:21'),
	(5, 5, 5, 'Ut non veniam ullam eos et nisi. Culpa sunt enim eos molestiae corporis laudantium. Labore occaecati sed quia. Soluta dolorem dolorem laboriosam quaerat.', 5, 1, '2011-10-06 12:18:20'),
	(6, 6, 6, 'Aliquam ut doloremque voluptatem qui quisquam. Vel facere quae eos ea est at impedit dolores. Voluptatibus ut doloribus eum voluptatum. Voluptatibus autem aperiam fuga consequatur nemo magnam facere qui.', 6, 0, '2004-04-17 05:13:17'),
	(7, 7, 7, 'Sit tempore sed at adipisci dicta tempora officiis. Aut labore qui magnam necessitatibus. Quo non id saepe quos. Labore voluptatem quis aut quia nam ex.', 7, 1, '1997-10-14 18:26:12'),
	(8, 8, 8, 'Nobis nemo sint et eos autem corrupti est. Minus voluptate alias recusandae tenetur saepe. Delectus pariatur est numquam nemo. Iste nihil dicta corporis dolorum laborum debitis soluta.', 8, 1, '2016-06-19 17:36:29'),
	(9, 9, 9, 'Voluptatum et omnis et at deleniti cumque sapiente. Id inventore rerum voluptatum et. Eum repudiandae rem qui omnis consectetur quae. Dignissimos sit error id illo enim ut maiores. Velit harum est est sunt ut ut asperiores cumque.', 9, 1, '2002-07-11 12:24:59'),
	(10, 10, 10, 'Aut sunt maxime repudiandae porro mollitia ut nostrum nesciunt. Ducimus magni recusandae molestiae tenetur. Omnis ducimus ea sit quod non a et dignissimos.', 10, 0, '1976-03-16 11:36:51'),
	(11, 11, 11, 'Odio quas repudiandae culpa eligendi. Molestiae est accusantium qui ut optio earum qui. Ut accusantium autem voluptas in dolor. Voluptatem rerum dicta aut dolor molestiae.', 11, 1, '1974-08-30 20:59:52'),
	(12, 12, 12, 'Quia et quo rerum eligendi ipsam incidunt quam. Officiis molestias id necessitatibus quia nam.', 12, 0, '1986-10-05 08:19:50'),
	(13, 13, 13, 'Incidunt ipsa quo expedita tempora est quis. Quos minima maiores aut qui ratione nam. Sequi dolorum dolor non voluptatem. Eum sed nesciunt dolorum ut minus tempore.', 13, 0, '2003-11-13 09:39:45'),
	(14, 14, 14, 'Id delectus atque consequatur quae molestiae nisi. Assumenda praesentium perferendis illum id voluptas est quia. Dolorem ut vero laboriosam excepturi alias. Distinctio omnis ut quo veritatis optio vel iste.', 14, 0, '1973-04-29 15:04:15'),
	(15, 15, 15, 'Doloribus tempora voluptas autem iste. Omnis est dolor aperiam non. Maxime officia quod similique placeat dolor voluptatem dolorem.', 15, 0, '1975-12-03 00:19:04'),
	(16, 16, 16, 'Exercitationem ullam quis tempore eum ut. Dolor incidunt sequi minima ipsa. Accusamus velit modi debitis reiciendis aut. In et voluptatibus sit consequuntur velit qui ad.', 16, 1, '1999-07-31 18:03:53'),
	(17, 17, 17, 'Reprehenderit aut suscipit vel autem qui est. Error laboriosam iusto sunt expedita voluptas. Repellendus dolorem assumenda voluptatum ut. Facilis in adipisci aliquam quia sapiente at.', 17, 1, '2001-05-27 13:54:05'),
	(18, 18, 18, 'Autem exercitationem molestiae tempore qui cum tempora. Molestias id rerum ea voluptatibus quo. Optio iure deserunt voluptatem sit perspiciatis ut non.', 18, 1, '1993-09-04 02:48:54'),
	(19, 19, 19, 'Est explicabo quidem sint quidem officia facilis provident. Dolores maiores veritatis reprehenderit similique.', 19, 1, '2014-08-21 07:52:17'),
	(20, 20, 20, 'Officia ut sequi veniam dolor eum qui qui. Quia iusto ad ex. Voluptas sit nam qui hic error.', 20, 1, '1975-06-16 01:36:21'),
	(21, 21, 21, 'Beatae minima incidunt aut quo natus. Quae id maiores in quae consequatur excepturi. Ut recusandae eum vel eaque modi iusto.', 21, 0, '1991-06-20 17:51:22'),
	(22, 22, 22, 'Nulla dolorem expedita ut deleniti. Magni facere id tempora nobis. Quia ea tenetur ipsam nam adipisci id. Et similique enim quaerat adipisci aliquid amet reprehenderit.', 22, 1, '2004-01-08 07:49:17'),
	(23, 23, 23, 'Et rerum quas possimus eius libero veritatis ut. Cumque est ea aut et ut debitis. Est nesciunt unde totam non quis dolorum et.', 23, 1, '2017-03-26 00:13:46'),
	(24, 24, 24, 'Cumque deserunt aspernatur omnis eligendi sunt non consequatur. Et deleniti cumque laboriosam commodi.', 24, 0, '1982-02-07 07:09:05'),
	(25, 25, 25, 'Rerum dignissimos ex veritatis sint doloribus at. Beatae quam autem esse saepe sequi.', 25, 1, '2006-10-19 00:50:09'),
	(26, 26, 26, 'Saepe doloribus voluptatibus eos porro ex dolorem. Repellat magni architecto nemo est. Commodi esse et vel consequatur facere modi. Et consequuntur amet eos fugiat aut.', 26, 1, '1996-01-06 08:05:43'),
	(27, 27, 27, 'Molestias temporibus voluptatem iusto odit laudantium. Est sed eligendi pariatur excepturi occaecati aliquid eius. Fuga hic non qui officiis qui repellat. Autem non et fugit nostrum veritatis.', 27, 0, '1977-11-05 04:55:54'),
	(28, 28, 28, 'Beatae cum nulla porro dignissimos. Necessitatibus sed repellendus cupiditate accusamus qui odit ut.', 28, 1, '1998-07-27 11:17:47'),
	(29, 29, 29, 'Voluptas iure quidem nostrum laboriosam eius pariatur. At voluptatibus quam ex quaerat incidunt voluptas debitis.', 29, 1, '1995-09-27 11:23:42'),
	(30, 30, 30, 'Iure distinctio nihil officiis incidunt dolorem quo accusamus. Dolor et fugit aut assumenda ut cumque quas. Quas maiores porro sit ab.', 30, 1, '2002-07-26 17:40:49'),
	(31, 31, 31, 'Et cum ut ea a nemo nihil ut. Et et quia suscipit saepe velit. Maxime reprehenderit rerum sint eaque qui corporis aut. Ut reprehenderit et et nihil et.', 31, 1, '2000-03-22 22:46:17'),
	(32, 32, 32, 'Fuga pariatur debitis tenetur saepe omnis. Ipsa fugit ipsum maiores eum voluptatem voluptas sunt. Velit autem recusandae nostrum quos et.', 32, 1, '1972-05-31 13:11:54'),
	(33, 33, 33, 'Ratione nisi veritatis ab non sed molestiae. Ad perferendis quasi repellendus ullam. Aut aut asperiores fuga. Distinctio atque voluptatem quos enim voluptatum dolores consequatur. Ea et recusandae inventore id sequi facere id.', 33, 1, '1991-03-28 09:36:46'),
	(34, 34, 34, 'Odit provident et et distinctio. Quidem tempora eum eos dolores omnis consequatur saepe. Dolor ad est natus laboriosam et nihil.', 34, 1, '1977-10-28 05:55:06'),
	(35, 35, 35, 'Est inventore qui adipisci accusamus. Vel ea a sunt. Fugit et consectetur aut. Repellendus dolorem nemo cum rerum iure nemo ut delectus.', 35, 0, '1993-08-10 01:21:26'),
	(36, 36, 36, 'Commodi minima quis eum sed repellendus ab in. Vel ut nam dolores dolorum laudantium exercitationem culpa ut. Temporibus ut iusto quos. Sapiente tempore repellendus voluptas quo blanditiis quibusdam magnam.', 36, 0, '2010-04-16 22:02:50'),
	(37, 37, 37, 'Autem eaque quod quam excepturi saepe sint. Ea dolores cupiditate sint deserunt. Laboriosam at beatae impedit aut quia enim voluptas.', 37, 0, '1997-06-30 23:12:16'),
	(38, 38, 38, 'Voluptatibus cum assumenda dolore modi aut voluptas. Et maiores eum aliquam eum rem qui dolor. Tenetur ut ipsum excepturi et illum molestiae reprehenderit.', 38, 0, '1980-01-07 19:36:48'),
	(39, 39, 39, 'Sed delectus unde placeat aut. Nobis rerum rerum aperiam et molestiae suscipit. Quam ut maiores aut reiciendis architecto aperiam sit. Velit facere eveniet adipisci earum autem animi non.', 39, 0, '1985-05-02 00:37:29'),
	(40, 40, 40, 'Molestiae reiciendis corporis ea nobis mollitia. Et et iure veritatis tempora aut totam dolores. Corrupti facilis aut molestiae et corrupti est. Qui ipsa sit deleniti est voluptatem iste.', 40, 0, '1992-05-27 17:38:39'),
	(41, 41, 41, 'Atque voluptas reiciendis laudantium numquam magni ratione voluptatum eligendi. Tempore autem voluptatem dolorum. Reiciendis ad officia sint aperiam rerum. Est nam unde amet veritatis architecto quisquam.', 41, 0, '2004-12-08 07:10:47'),
	(42, 42, 42, 'Vero qui eius aliquam molestias odit. Omnis quisquam ducimus qui quo delectus error aut quo. Culpa quam et consequatur aut.', 42, 1, '1990-01-22 11:26:40'),
	(43, 43, 43, 'Amet expedita dolor suscipit nostrum. Voluptas blanditiis quia et distinctio beatae autem eum. Et accusamus labore architecto eaque.', 43, 1, '2005-12-03 20:21:30'),
	(44, 44, 44, 'Quos eum error sit sapiente deserunt ipsam vel nobis. Provident consequuntur dolorem rerum in corporis. Explicabo quibusdam et expedita.', 44, 1, '1985-05-01 09:28:24'),
	(45, 45, 45, 'Neque qui excepturi quaerat sit sequi. Quia sapiente possimus corrupti eos ratione eligendi. Quos nobis voluptas nihil perspiciatis ea.', 45, 1, '1999-01-29 07:03:27'),
	(46, 46, 46, 'Velit adipisci nulla incidunt ad dicta explicabo rem qui. Id quis nisi quos cupiditate sapiente quidem. Blanditiis perferendis illo et velit commodi earum quam. Qui nostrum consequatur in labore neque rerum.', 46, 1, '1973-10-10 16:29:10'),
	(47, 47, 47, 'Est perspiciatis blanditiis provident et quia laudantium eos. Facilis similique sit quo recusandae quam sit. Dolorem sed alias dolore magni debitis. Aut non veritatis et perferendis rerum aut.', 47, 1, '1972-06-04 03:49:10'),
	(48, 48, 48, 'Explicabo quia tempora perferendis doloremque. Rerum est enim voluptatem voluptas. Est unde beatae qui consequatur qui a non suscipit. Velit reiciendis consequatur aliquid voluptatum aut aut. Laborum facilis consequuntur ipsam.', 48, 1, '2012-12-26 09:00:11'),
	(49, 49, 49, 'Eos sed sint aut deleniti. Nihil et quis cum harum quia ea et. Sint quas temporibus omnis est minus accusamus.', 49, 1, '2020-06-28 13:08:47'),
	(50, 50, 50, 'Omnis sint dolorem laborum officia. Minima impedit omnis non aperiam facere. Magni sequi est et.', 50, 0, '1998-11-06 19:41:35'),
	(51, 51, 51, 'Quis dolor qui et ullam. Numquam ut est eos ut delectus eos minima. Non excepturi ut cum quaerat consequuntur.', 51, 1, '1993-02-27 20:32:29'),
	(52, 52, 52, 'Deserunt voluptas quis nihil libero laudantium. Sed est est recusandae est aperiam harum assumenda. Modi et porro magnam odit.', 52, 0, '1991-01-10 19:24:01'),
	(53, 53, 53, 'Quia repellendus assumenda quam nihil assumenda numquam itaque. Odio cum rerum nam laboriosam aut ut pariatur. Eveniet rerum iste quis explicabo doloremque quaerat. In numquam enim minima voluptas quia quis. Et quo veniam molestiae quia magnam libero quia exercitationem.', 53, 0, '2007-04-24 07:13:09'),
	(54, 54, 54, 'Laudantium vero omnis itaque doloribus et dignissimos consequuntur. Saepe inventore ex omnis quaerat laboriosam. Cumque molestiae et iste officia fuga.', 54, 0, '1992-05-30 17:05:28'),
	(55, 55, 55, 'Molestias nemo deleniti optio debitis non asperiores. A sequi occaecati nihil est id ipsa ipsam voluptatibus. Sint sit est aut officia.', 55, 1, '2004-08-19 17:59:27'),
	(56, 56, 56, 'Maxime eius sint voluptatem blanditiis impedit accusantium ex quia. Enim autem rerum nulla ducimus. Nostrum eum exercitationem quisquam vitae voluptatibus. Non vel deserunt in saepe repudiandae quia repellat.', 56, 1, '1970-08-19 21:54:58'),
	(57, 57, 57, 'Rem non assumenda et perferendis quae. Dicta laboriosam illum quaerat quam iure in. Eligendi natus blanditiis magnam dolorum. Ut quibusdam harum est enim. Quam alias quisquam quasi sunt qui ducimus.', 57, 0, '2019-05-28 16:56:16'),
	(58, 58, 58, 'Quo placeat praesentium aut alias error et. Et tempora repellendus laborum aut placeat illum repellat placeat.', 58, 0, '1990-10-18 15:54:15'),
	(59, 59, 59, 'Odit cum nam eum commodi cum. Est suscipit ut quia fugiat est. Et et nobis totam itaque.', 59, 1, '1997-07-17 02:32:05'),
	(60, 60, 60, 'Et voluptatem odio saepe molestiae. Voluptas ipsum maiores laborum ut accusantium quisquam. Voluptatibus ea quis a rem. Dolorum eius qui aspernatur illo facilis.', 60, 1, '1997-02-27 19:13:28'),
	(61, 61, 61, 'Dolorum pariatur aliquam optio amet vel iure. Quas qui fugiat non reiciendis. Exercitationem accusantium nihil enim assumenda.', 61, 0, '1979-07-11 08:47:49'),
	(62, 62, 62, 'Quidem magnam exercitationem et impedit minima quas. Voluptatum saepe aut quia sunt ut distinctio sed. Minima molestias delectus est doloribus.', 62, 0, '2015-06-10 10:48:45'),
	(63, 63, 63, 'Pariatur labore earum corporis cum alias quis velit ut. Quia itaque et qui et natus ratione consequatur ut. Porro quia placeat eaque.', 63, 1, '1991-06-02 14:15:36'),
	(64, 64, 64, 'Eum reprehenderit ratione in voluptas qui ut. Sint expedita ut est maiores nulla neque id. Vel nihil in est et atque atque error molestias. Odit dolorem aut cumque similique enim.', 64, 0, '2014-08-21 09:15:26'),
	(65, 65, 65, 'Eaque ducimus nulla vel aliquid ipsam ut qui fugiat. Sunt ut autem placeat quo. Odit eos ipsam in esse et voluptas quas vero. Dignissimos et rerum explicabo quia magni aut delectus provident.', 65, 1, '2005-01-28 18:46:11'),
	(66, 66, 66, 'Distinctio quibusdam neque pariatur repudiandae magnam adipisci quia. Aut a quo sapiente ut eos. Et et fugiat rerum et a et dolorem.', 66, 1, '1982-10-11 00:48:41'),
	(67, 67, 67, 'Illo corrupti et illo voluptate earum omnis. Laboriosam temporibus et quos molestias aut officia qui. Ut aliquam ut sed at.', 67, 0, '2008-03-25 15:46:24'),
	(68, 68, 68, 'Et vel quia minima animi et. Quis non rerum provident. Nihil ut enim quidem ut sequi ullam.', 68, 1, '1977-05-19 07:17:18'),
	(69, 69, 69, 'Libero at sed aut voluptas recusandae at et sint. Ut maiores illum et quas assumenda. Illo velit est voluptas. Iusto expedita ut aut quis velit.', 69, 1, '2017-05-22 14:36:29'),
	(70, 70, 70, 'Dignissimos impedit aut natus sit qui ipsum rerum. Officiis animi omnis cupiditate accusamus. Earum ut consequuntur accusamus explicabo et voluptas magni qui.', 70, 1, '1993-04-03 19:02:01'),
	(71, 71, 71, 'Ea suscipit temporibus commodi laborum. Deserunt est accusamus qui occaecati explicabo molestiae non laborum. Dolor laboriosam minima blanditiis officiis. Et eum aut commodi voluptatem aperiam assumenda.', 71, 0, '2012-06-15 10:37:58'),
	(72, 72, 72, 'Consequatur aspernatur blanditiis fugit consequatur similique neque. Qui vel et nostrum laboriosam. Ipsam sit velit autem ut dolore. Doloremque incidunt deserunt et et non ipsam modi.', 72, 1, '2006-03-28 18:15:46'),
	(73, 73, 73, 'Odit quaerat rerum et. Ut officia quos qui beatae illum laudantium. Et perspiciatis eos quo veniam nihil. Ut debitis incidunt reprehenderit sit perferendis. Vero iusto dolor nostrum vero quo hic.', 73, 1, '1977-08-03 10:41:45'),
	(74, 74, 74, 'Quam nesciunt cumque qui impedit. Id possimus repellat voluptas sint natus qui nobis. Aliquid molestiae dolor modi quia impedit amet.', 74, 1, '2011-05-23 07:05:38'),
	(75, 75, 75, 'Rem quisquam inventore ea quas. Laboriosam repudiandae autem dolore numquam dolores ad voluptatem. Deserunt quis alias quibusdam non velit est maxime pariatur.', 75, 1, '2010-02-15 12:37:47'),
	(76, 76, 76, 'Reprehenderit est sapiente ipsa explicabo at neque ut. Iste et vel doloremque dolorum rerum pariatur. Laudantium aut at sapiente non.', 76, 1, '1971-12-21 03:09:16'),
	(77, 77, 77, 'Vel aliquam odio consequatur tempore iste. In quia iste corporis est. Odit sed eveniet sunt voluptatum autem qui eveniet maiores.', 77, 0, '2018-03-21 10:35:57'),
	(78, 78, 78, 'Et in voluptates consequatur repudiandae assumenda voluptatum atque. Et magnam ut ab. Sequi sit vel nemo ad maiores. Inventore magnam saepe quas atque.', 78, 0, '1975-01-20 08:38:52'),
	(79, 79, 79, 'Ea quis expedita ut repellendus aut rerum. Illo fugiat iure dolorum sit. Quis praesentium omnis libero et consequatur inventore maiores.', 79, 0, '1983-01-29 20:04:24'),
	(80, 80, 80, 'Iusto et dolor quis veniam. Ut cumque necessitatibus et quia. Aliquam est occaecati fuga nostrum. Magnam autem nostrum dolores officia nulla.', 80, 0, '1997-03-03 10:15:21'),
	(81, 81, 81, 'Consectetur ad neque voluptatem. Nihil rem qui voluptatem cupiditate omnis vitae porro. Et aut rerum eaque iste.', 81, 0, '2012-02-15 20:02:11'),
	(82, 82, 82, 'Reprehenderit qui amet id quae. Quaerat vel aperiam dicta cumque. Aliquid consequuntur expedita sed quaerat debitis est enim. Labore voluptas suscipit doloribus dolor.', 82, 1, '1979-05-18 09:02:20'),
	(83, 83, 83, 'Voluptas fugiat eaque vitae et et tempora placeat. Id qui exercitationem laboriosam est accusantium aut nobis perferendis. Neque eum voluptates velit cumque. Earum quia molestiae quibusdam quae ipsa sapiente et.', 83, 1, '1978-05-05 18:02:43'),
	(84, 84, 84, 'Est minima consequatur et molestiae. Quia hic nostrum accusamus quibusdam. Cumque laborum sit impedit ipsam consequuntur.', 84, 1, '2009-11-09 17:31:17'),
	(85, 85, 85, 'Minima architecto ut quasi quia id. Minima aut dolore accusantium iste sunt omnis. Tenetur et aut cupiditate velit ullam quia. Qui omnis voluptatibus enim dicta dolor.', 85, 1, '2013-11-02 21:50:37'),
	(86, 86, 86, 'Ut voluptates architecto nihil dolorem ipsa hic vero consectetur. Nostrum sit asperiores voluptates quod non quaerat. Rerum commodi natus consequatur corrupti sed corporis et. Et accusantium ut est dolorem.', 86, 1, '1995-07-21 03:27:03'),
	(87, 87, 87, 'Quia facere enim repellat et aut facere dolor. Quos recusandae magni sed excepturi. Quos vel enim voluptate pariatur et molestiae fugiat. Deleniti voluptatem sit cumque voluptatem asperiores quia et. Vel odio id sapiente in blanditiis eveniet velit.', 87, 0, '1974-07-22 07:15:53'),
	(88, 88, 88, 'Officia nemo est qui. Dolorem iure dolores corporis. Quasi eaque nulla eum qui iusto aut nihil.', 88, 1, '2019-03-27 09:39:37'),
	(89, 89, 89, 'Asperiores autem sequi ut qui tempore. Autem rerum dignissimos accusamus a molestias molestias dolores quaerat. Cumque facere voluptatem doloremque consectetur sed. Minus laborum vero ad.', 89, 1, '1979-09-21 15:11:55'),
	(90, 90, 90, 'Debitis veniam dolores at illo qui. Aliquam nihil quia et repudiandae nihil quia. Illum doloremque est id ratione. Deserunt cupiditate pariatur voluptatum error porro aut voluptatem.', 90, 0, '1981-11-27 14:50:13'),
	(91, 91, 91, 'Quae quo quasi dolor tenetur omnis incidunt aut. Perspiciatis qui tempore placeat vero et fuga quaerat. Accusamus quia beatae et animi adipisci dolorem est cupiditate. Neque et molestiae ratione eius natus laborum nam.', 91, 0, '1974-04-13 18:17:28'),
	(92, 92, 92, 'Ipsum molestias voluptatem modi accusantium earum repudiandae magni vero. Quia et accusantium iusto consectetur incidunt quisquam blanditiis unde. Ut id molestias architecto vero voluptatum.', 92, 1, '2017-01-11 15:44:43'),
	(93, 93, 93, 'Et natus velit tenetur nihil aliquam tenetur. Odit velit dolorem maxime repellendus. Velit incidunt consequatur magni ut perferendis molestiae quam. Nihil sint et dicta ex.', 93, 0, '2017-04-30 08:31:56'),
	(94, 94, 94, 'Eos eius sapiente voluptas sint. Alias sint inventore at ex voluptates quam praesentium autem. Fugiat quidem ut omnis atque ratione ea ab velit. Et et autem et laborum ut est.', 94, 1, '2018-05-08 14:19:32'),
	(95, 95, 95, 'Eum omnis nihil provident rerum sit iure iusto. Corporis et voluptatem aut sunt consequatur tempora maiores. Autem quisquam quo et alias sed. Dolores dolorum vel autem.', 95, 0, '2020-03-04 18:45:36'),
	(96, 96, 96, 'Vel et consequatur sed ut dolorem natus maxime. Totam pariatur occaecati unde consequuntur dolorem deleniti cupiditate. Facere illum magnam eligendi asperiores earum deserunt. Non maiores voluptatem aspernatur.', 96, 1, '1981-11-05 12:07:49'),
	(97, 97, 97, 'Dolores atque neque ullam unde rerum laudantium natus et. Tenetur porro debitis dolorem. Nulla omnis itaque eius eum facilis aliquam voluptas. Similique voluptatibus sint aspernatur mollitia.', 97, 1, '1970-02-12 12:46:43'),
	(98, 98, 98, 'Vero in praesentium dolor temporibus ut. Et dolorem minus sit nesciunt. Vero repudiandae architecto magnam.', 98, 0, '1980-01-29 23:28:47'),
	(99, 99, 99, 'Sed rerum consectetur sit in ut sit perspiciatis. Fugit aut ut atque. Alias ad rerum id placeat nihil.', 99, 0, '2004-12-01 23:54:34'),
	(100, 100, 100, 'Sunt id blanditiis cumque dolor occaecati. Consequatur molestiae iusto nobis. Sed sed nisi illo et. Amet non sunt blanditiis ipsa qui fugit rerum itaque.', 100, 0, '2013-07-28 18:13:43');


INSERT INTO
  folowers (user_id, friend_id, created_at, updated_at) 
VALUES
	(1, 1, '2007-06-19 20:24:19', '1997-08-25 07:23:50'),
	(2, 2, '1972-12-26 09:08:27', '2013-11-19 01:40:01'),
	(3, 3, '1997-07-03 07:20:02', '1996-04-08 09:40:50'),
	(4, 4, '2003-02-19 15:48:32', '2015-08-15 00:37:00'),
	(5, 5, '1976-02-06 23:09:32', '1970-09-04 15:00:43'),
	(6, 6, '1986-12-20 06:51:18', '1982-07-21 17:34:24'),
	(7, 7, '2016-12-20 08:00:35', '2000-04-04 11:11:00'),
	(8, 8, '2002-10-25 02:37:07', '1982-06-05 22:31:31'),
	(9, 9, '2011-07-30 02:29:59', '1982-10-06 05:23:50'),
	(10, 10, '1975-05-13 14:32:54', '1972-06-04 02:33:58'),
	(11, 11, '1972-05-14 18:27:04', '2009-09-23 15:01:01'),
	(12, 12, '1974-10-20 23:25:51', '1991-11-20 09:57:59'),
	(13, 13, '2006-03-01 07:43:14', '2019-09-24 15:32:46'),
	(14, 14, '2013-03-13 08:58:04', '2008-11-05 04:30:26'),
	(15, 15, '1979-01-08 15:38:38', '1984-04-21 17:50:45'),
	(16, 16, '1972-01-26 16:03:08', '2001-12-08 04:29:45'),
	(17, 17, '1989-02-26 10:11:33', '1975-03-16 13:23:28'),
	(18, 18, '1974-12-15 06:45:31', '1982-06-20 12:09:23'),
	(19, 19, '1998-10-24 17:20:32', '1993-10-30 00:10:10'),
	(20, 20, '2012-02-16 02:28:09', '1980-06-21 14:30:05'),
	(21, 21, '1993-02-03 03:16:02', '2007-09-22 19:18:00'),
	(22, 22, '1995-12-21 13:47:35', '1975-10-20 09:05:10'),
	(23, 23, '1970-03-24 20:02:11', '2010-10-31 11:38:02'),
	(24, 24, '1991-05-13 09:27:48', '1993-04-02 13:57:24'),
	(25, 25, '1983-12-18 08:40:09', '1984-04-05 22:30:12'),
	(26, 26, '1997-05-04 00:51:59', '1997-07-19 06:22:40'),
	(27, 27, '1970-12-12 05:40:08', '1987-03-07 04:44:34'),
	(28, 28, '1982-06-10 08:22:12', '2008-07-29 21:58:12'),
	(29, 29, '2008-12-11 16:50:09', '2019-03-18 21:48:45'),
	(30, 30, '1988-02-24 17:27:14', '2014-02-05 18:32:36'),
	(31, 31, '2013-06-07 15:10:03', '1970-11-02 07:16:09'),
	(32, 32, '2001-06-19 12:29:25', '2010-10-02 21:18:49'),
	(33, 33, '1971-08-03 07:22:22', '2001-11-20 14:26:37'),
	(34, 34, '1995-06-12 04:41:04', '2012-04-07 13:25:47'),
	(35, 35, '1983-04-07 15:31:40', '1981-05-22 05:42:39'),
	(36, 36, '2009-10-25 23:33:56', '1987-10-22 01:57:31'),
	(37, 37, '2014-10-08 15:25:19', '1974-08-28 13:17:49'),
	(38, 38, '1976-03-26 19:51:33', '1992-10-08 11:26:39'),
	(39, 39, '1987-08-29 08:06:50', '1980-06-26 01:22:29'),
	(40, 40, '2000-04-13 17:18:58', '1992-03-15 07:01:51'),
	(41, 41, '1976-07-23 22:08:26', '2008-08-14 19:33:06'),
	(42, 42, '2006-11-25 03:58:22', '1977-01-05 23:47:58'),
	(43, 43, '1986-12-30 07:38:04', '1970-03-19 10:34:22'),
	(44, 44, '1989-02-10 19:16:55', '2010-05-31 01:00:54'),
	(45, 45, '2016-04-06 01:11:55', '2005-07-06 20:11:01'),
	(46, 46, '2005-08-04 23:18:43', '1998-08-08 20:06:10'),
	(47, 47, '1978-06-14 21:41:17', '1974-12-05 12:25:31'),
	(48, 48, '1970-01-05 05:46:49', '1994-03-14 15:33:06'),
	(49, 49, '1997-01-05 01:07:50', '2019-03-24 04:14:05'),
	(50, 50, '2012-05-27 19:15:18', '1987-01-15 21:11:09'),
	(51, 51, '1998-06-17 17:09:18', '1984-09-06 17:15:10'),
	(52, 52, '2003-07-20 20:37:54', '2000-01-19 11:36:50'),
	(53, 53, '1994-08-08 23:56:35', '1984-11-13 15:02:49'),
	(54, 54, '1999-06-25 23:53:02', '1991-11-19 15:29:06'),
	(55, 55, '2005-08-02 07:30:37', '2019-06-17 12:03:13'),
	(56, 56, '1981-01-18 23:46:18', '2008-10-07 21:04:33'),
	(57, 57, '2000-11-15 18:46:50', '1993-09-04 22:56:01'),
	(58, 58, '2007-04-27 11:28:46', '1970-01-20 02:49:02'),
	(59, 59, '2016-05-14 09:45:45', '1972-11-25 22:04:25'),
	(60, 60, '1974-08-22 20:41:44', '1973-06-09 11:17:17'),
	(61, 61, '1991-09-25 13:35:40', '1976-07-14 08:20:08'),
	(62, 62, '1976-03-21 00:56:00', '2006-03-30 23:18:27'),
	(63, 63, '2018-06-03 06:39:26', '2006-06-18 22:08:38'),
	(64, 64, '2015-03-26 03:41:03', '2012-06-10 17:01:47'),
	(65, 65, '1985-10-07 09:07:21', '2009-05-19 12:33:42'),
	(66, 66, '1972-07-12 22:49:12', '2001-12-25 04:34:20'),
	(67, 67, '2000-07-25 17:47:36', '1986-05-25 11:53:20'),
	(68, 68, '1990-03-31 01:14:55', '1983-12-06 10:51:48'),
	(69, 69, '2015-03-30 19:37:53', '1989-07-30 15:53:35'),
	(70, 70, '1996-01-21 09:23:20', '1970-10-04 08:29:22'),
	(71, 71, '2015-05-13 17:30:46', '2011-05-14 06:06:27'),
	(72, 72, '1984-11-23 04:37:58', '2009-09-10 23:37:48'),
	(73, 73, '1990-05-20 00:29:40', '2000-08-08 06:08:40'),
	(74, 74, '2001-04-25 21:53:52', '2017-08-28 17:04:12'),
	(75, 75, '2002-04-29 16:31:07', '2014-04-23 22:58:59'),
	(76, 76, '2003-06-06 20:24:25', '1991-07-30 13:10:44'),
	(77, 77, '1990-01-14 08:01:27', '1971-11-20 03:17:33'),
	(78, 78, '2005-11-01 13:22:00', '1973-03-02 10:10:23'),
	(79, 79, '1984-11-21 07:00:36', '1982-04-14 20:04:33'),
	(80, 80, '2017-03-18 08:07:16', '2017-07-13 01:12:07'),
	(81, 81, '1970-01-21 10:01:46', '1979-03-20 15:08:09'),
	(82, 82, '2014-01-10 15:13:30', '1998-04-12 18:29:05'),
	(83, 83, '1983-10-13 01:31:38', '2009-02-10 10:55:58'),
	(84, 84, '1981-05-05 23:34:59', '1986-04-19 01:38:31'),
	(85, 85, '2008-05-17 11:00:24', '2009-04-24 20:26:08'),
	(86, 86, '2015-06-23 06:26:49', '1992-02-01 15:05:49'),
	(87, 87, '2018-06-11 00:43:25', '1977-04-07 14:20:31'),
	(88, 88, '1985-08-19 07:52:41', '2019-09-19 23:58:23'),
	(89, 89, '1979-11-04 22:59:35', '2018-06-21 11:13:57'),
	(90, 90, '1998-08-06 06:06:09', '1981-04-12 10:33:48'),
	(91, 91, '1979-10-19 08:29:03', '1990-08-16 13:10:47'),
	(92, 92, '1977-06-02 01:49:08', '2018-04-04 23:19:14'),
	(93, 93, '2009-06-27 20:31:55', '1983-12-31 04:56:35'),
	(94, 94, '1985-04-26 13:18:50', '1980-09-11 07:34:46'),
	(95, 95, '2005-03-11 19:02:01', '2018-03-28 15:58:57'),
	(96, 96, '2012-11-14 08:20:59', '1971-10-06 04:55:13'),
	(97, 97, '2016-08-22 04:03:14', '2003-06-03 19:09:16'),
	(98, 98, '2014-05-04 22:01:47', '1980-01-13 19:51:27'),
	(99, 99, '2006-12-07 18:26:22', '2013-07-17 04:06:07'),
	(100, 100, '1974-10-13 04:03:15', '2017-09-03 08:14:05');

INSERT INTO
  hashtags (id, name, user_id, content_id, content_types_id, created_at, updated_at)
VALUES
    (1, 'dolorem', 1, 1, 1, '1976-03-05 23:20:53', '2007-01-01 11:27:05'),
    (2, 'est', 2, 2, 2, '1989-10-14 05:59:09', '1977-09-15 22:43:57'),
    (3, 'porro', 3, 3, 3, '1981-04-15 16:44:00', '1990-07-09 13:34:00'),
    (4, 'quibusdam', 4, 4, 1, '1979-01-20 16:56:06', '2008-04-26 04:30:27'),
    (5, 'ipsa', 5, 5, 2, '1999-08-13 06:48:53', '1991-06-03 06:28:54'),
    (6, 'sed', 6, 6, 3, '1986-03-12 18:09:30', '1977-01-23 13:32:29'),
    (7, 'fuga', 7, 7, 1, '2001-02-08 19:17:52', '2017-04-22 21:58:12'),
    (8, 'atque', 8, 8, 2, '1996-04-03 03:36:51', '2008-11-22 18:15:31'),
    (9, 'dolores', 9, 9, 3, '2019-10-12 09:02:04', '2018-10-30 20:30:41'),
    (10, 'quas', 10, 10, 1, '1989-07-30 05:45:28', '1978-02-01 21:56:17'),
    (11, 'eum', 11, 11, 2, '1999-06-23 22:54:42', '1977-03-14 04:49:01'),
    (12, 'velit', 12, 12, 3, '1991-09-15 08:07:58', '2016-10-26 18:58:51'),
    (13, 'praesentium', 13, 13, 1, '1973-12-12 19:21:09', '2003-09-08 05:39:04'),
    (14, 'sapiente', 14, 14, 2, '1971-08-07 01:31:17', '1990-04-21 13:36:12'),
    (15, 'omnis', 15, 15, 3, '1990-06-23 01:52:52', '2004-07-27 12:30:13'),
    (16, 'magnam', 16, 16, 1, '1974-08-30 01:01:30', '1996-09-28 14:19:58'),
    (17, 'sed', 17, 17, 2, '2005-06-20 20:56:15', '1987-04-17 17:37:13'),
    (18, 'vitae', 18, 18, 3, '1975-07-24 12:41:37', '2002-07-21 13:11:17'),
    (19, 'totam', 19, 19, 1, '2009-04-26 19:12:42', '1983-09-06 17:04:05'),
    (20, 'aliquam', 20, 20, 2, '1989-05-01 11:31:13', '2010-02-27 22:13:08'),
    (21, 'libero', 21, 21, 3, '1972-01-02 13:15:20', '2017-05-30 21:27:11'),
    (22, 'saepe', 22, 22, 1, '1970-12-10 23:48:59', '2013-09-09 18:06:52'),
    (23, 'mollitia', 23, 23, 2, '2000-10-30 16:01:24', '2020-02-05 13:30:31'),
    (24, 'quaerat', 24, 24, 3, '1991-06-11 00:57:24', '1987-08-20 07:53:56'),
    (25, 'officia', 25, 25, 1, '1988-03-28 18:53:35', '1988-10-03 03:27:16'),
    (26, 'quis', 26, 26, 2, '2001-06-25 21:08:17', '1994-12-15 04:25:50'),
    (27, 'fugiat', 27, 27, 3, '1971-01-09 15:31:22', '2020-06-02 15:15:31'),
    (28, 'qui', 28, 28, 1, '2004-05-30 02:16:35', '2003-03-26 14:06:35'),
    (29, 'praesentium', 29, 29, 2, '2008-06-05 15:58:04', '1974-06-28 06:36:02'),
    (30, 'est', 30, 30, 3, '1970-06-28 19:34:25', '2016-01-16 13:42:15'),
    (31, 'et', 31, 31, 1, '1995-10-20 14:34:26', '2014-06-10 00:17:04'),
    (32, 'nobis', 32, 32, 2, '1982-05-02 13:20:51', '1974-09-16 19:14:08'),
    (33, 'dicta', 33, 33, 3, '1975-06-03 03:36:59', '2016-11-04 23:19:21'),
    (34, 'earum', 34, 34, 1, '1977-04-21 00:46:38', '1998-06-15 16:47:33'),
    (35, 'neque', 35, 35, 2, '1996-07-20 08:06:15', '1989-06-27 15:56:47'),
    (36, 'eaque', 36, 36, 3, '1975-12-04 10:37:54', '2020-04-01 04:24:31'),
    (37, 'magnam', 37, 37, 1, '2008-11-14 11:08:43', '2019-12-21 16:03:17'),
    (38, 'dicta', 38, 38, 2, '2013-10-30 14:41:06', '1975-02-14 02:54:23'),
    (39, 'iste', 39, 39, 3, '2001-07-29 19:21:28', '1976-08-24 22:12:42'),
    (40, 'numquam', 40, 40, 1, '1973-10-13 03:40:33', '1993-03-06 12:45:00'),
    (41, 'officiis', 41, 41, 2, '1976-03-07 07:43:33', '1993-06-17 13:18:19'),
    (42, 'maiores', 42, 42, 3, '2015-05-02 20:03:44', '1983-10-23 16:34:27'),
    (43, 'enim', 43, 43, 1, '2012-12-20 12:51:41', '1982-10-17 13:30:49'),
    (44, 'commodi', 44, 44, 2, '2008-11-04 04:20:55', '1994-07-04 14:50:19'),
    (45, 'ipsam', 45, 45, 3, '2016-09-03 03:50:55', '1997-01-11 19:06:19'),
    (46, 'consequuntur', 46, 46, 1, '2003-06-16 22:34:08', '1990-02-27 19:41:19'),
    (47, 'at', 47, 47, 2, '1983-10-11 09:53:38', '1984-08-13 06:57:58'),
    (48, 'ipsa', 48, 48, 3, '2001-01-03 20:06:15', '1970-03-16 06:26:40'),
    (49, 'autem', 49, 49, 1, '2014-10-26 15:09:33', '1972-01-26 05:10:51'),
    (50, 'quisquam', 50, 50, 2, '2003-06-26 08:25:57', '1991-03-28 05:16:00'),
    (51, 'quam', 51, 51, 3, '1978-01-11 15:20:06', '1973-02-27 03:14:58'),
    (52, 'aut', 52, 52, 1, '1993-02-06 16:57:42', '2003-04-15 03:34:22'),
    (53, 'veniam', 53, 53, 2, '1989-12-13 08:21:35', '2015-07-06 08:25:09'),
    (54, 'officia', 54, 54, 3, '2005-02-04 08:53:20', '1975-06-18 12:59:53'),
    (55, 'officia', 55, 55, 1, '2013-05-02 22:14:37', '1986-05-19 04:07:48'),
    (56, 'consequatur', 56, 56, 2, '1996-09-29 09:27:53', '2017-09-06 15:29:54'),
    (57, 'saepe', 57, 57, 3, '2010-07-08 15:18:47', '1985-09-05 00:22:12'),
    (58, 'facilis', 58, 58, 1, '2013-04-01 15:08:56', '1983-11-17 01:37:30'),
    (59, 'in', 59, 59, 2, '2020-01-04 11:00:37', '1994-12-10 03:11:27'),
    (60, 'minus', 60, 60, 3, '1990-04-09 15:18:44', '1995-04-09 07:44:29'),
    (61, 'et', 61, 61, 1, '2001-02-15 18:19:29', '1976-08-21 07:13:42'),
    (62, 'quos', 62, 62, 2, '1997-06-18 07:12:00', '2004-12-30 03:05:05'),
    (63, 'quos', 63, 63, 3, '1974-10-24 07:36:40', '1980-06-16 04:05:24'),
    (64, 'repellat', 64, 64, 1, '2011-08-01 04:17:48', '2015-11-14 04:15:42'),
    (65, 'nihil', 65, 65, 2, '1985-05-22 10:56:16', '2015-12-27 21:07:38'),
    (66, 'rerum', 66, 66, 3, '2012-02-07 23:28:27', '1984-08-22 20:17:19'),
    (67, 'sit', 67, 67, 1, '1975-07-17 09:29:43', '2000-03-24 19:52:32'),
    (68, 'iste', 68, 68, 2, '1971-05-26 18:17:34', '2019-12-19 03:20:05'),
    (69, 'aut', 69, 69, 3, '1972-10-06 17:25:36', '2010-03-31 01:48:49'),
    (70, 'amet', 70, 70, 1, '1994-10-20 02:19:17', '2003-01-08 20:42:23'),
    (71, 'consequatur', 71, 71, 2, '1997-11-25 16:10:37', '2018-04-18 16:09:29'),
    (72, 'nihil', 72, 72, 3, '2010-09-11 22:13:03', '2003-11-05 10:27:29'),
    (73, 'et', 73, 73, 1, '1973-08-03 14:49:22', '1983-08-02 20:21:39'),
    (74, 'dolorem', 74, 74, 2, '2007-10-14 13:35:37', '1973-06-13 04:53:47'),
    (75, 'omnis', 75, 75, 3, '2011-04-29 19:28:37', '2001-06-01 12:33:25'),
    (76, 'culpa', 76, 76, 1, '1983-02-19 22:44:18', '1998-07-04 07:20:49'),
    (77, 'aperiam', 77, 77, 2, '1994-09-21 17:11:09', '2015-04-02 21:50:11'),
    (78, 'mollitia', 78, 78, 3, '2000-12-28 23:12:56', '1984-05-19 22:47:01'),
    (79, 'nulla', 79, 79, 1, '2002-10-13 08:30:00', '2018-03-25 18:46:11'),
    (80, 'molestiae', 80, 80, 2, '2018-06-06 11:15:00', '1980-03-20 17:48:16'),
    (81, 'voluptas', 81, 81, 3, '1982-01-29 05:41:04', '1996-01-11 20:16:00'),
    (82, 'voluptatibus', 82, 82, 1, '1970-07-06 18:56:33', '1998-10-17 21:25:21'),
    (83, 'dignissimos', 83, 83, 2, '1982-01-26 05:27:03', '1989-03-25 23:21:07'),
    (84, 'eos', 84, 84, 3, '1999-10-14 17:32:16', '2017-11-25 23:38:26'),
    (85, 'dolorem', 85, 85, 1, '2017-02-03 20:42:55', '2002-09-15 13:33:48'),
    (86, 'et', 86, 86, 2, '1982-11-13 14:31:40', '1974-06-30 13:24:58'),
    (87, 'dicta', 87, 87, 3, '1978-03-27 03:41:46', '2019-10-17 23:08:18'),
    (88, 'ut', 88, 88, 1, '2020-06-06 04:31:50', '1982-08-16 17:59:17'),
    (89, 'consequatur', 89, 89, 2, '1991-09-03 20:02:41', '1983-05-27 01:20:23'),
    (90, 'quaerat', 90, 90, 3, '2008-09-03 05:23:01', '1989-06-27 16:38:31'),
    (91, 'voluptatum', 91, 91, 1, '2015-12-03 16:04:44', '2004-09-22 13:32:04'),
    (92, 'fuga', 92, 92, 2, '2012-10-12 14:51:10', '1993-10-28 00:10:41'),
    (93, 'ullam', 93, 93, 3, '1991-01-25 20:29:46', '2016-12-20 19:08:54'),
    (94, 'quasi', 94, 94, 1, '1970-09-17 02:29:24', '1974-03-14 06:02:50'),
    (95, 'enim', 95, 95, 2, '1971-12-08 11:21:54', '1997-09-29 10:57:08'),
    (96, 'et', 96, 96, 3, '2013-04-11 01:43:28', '1975-08-29 12:35:15'),
    (97, 'est', 97, 97, 1, '1998-01-04 09:42:17', '2019-11-02 20:15:12'),
    (98, 'nobis', 98, 98, 2, '2012-08-09 11:56:46', '1970-12-05 04:05:43'),
    (99, 'ex', 99, 99, 3, '1973-11-06 18:39:11', '2015-03-19 15:22:17'),
    (100, 'doloremque', 100, 100, 1, '2020-06-23 04:35:41', '1987-01-01 00:40:57');
   

   
 INSERT INTO
  profiles (user_id, avatar, name, birthday, gender, country, description, acount_types_id, created_at, updated_at)
VALUES
    (1, 'c2b7:ea3d:8ac1:de56:1f7d:42df:71a8:2a2a', 'mollitia', '1996-10-16', 'o', '18', 'A minus in omnis autem. Ut sequi ad rerum aut dolore ut quaerat hic. Quis magnam est tempora. Aut rem dignissimos non cum est eos.', 1, '2001-05-20 15:50:08', '1974-07-27 07:21:43'),
    (2, '655d:fc07:885b:c28c:21e8:d166:66da:52cd', 'odio', '1971-04-15', 'c', '3', 'Quas occaecati assumenda ea et voluptate fuga. Nemo labore mollitia temporibus repellendus fuga et nesciunt et. Magni et illo qui enim sit ea.', 2, '1977-09-07 05:58:00', '2016-07-19 08:55:06'),
    (3, 'de36:4242:c450:a637:abec:498c:38fc:79af', 'necessitatibus', '1998-06-23', 'q', '6', 'Molestiae dolorem odio et quae illo voluptas. Eaque aut odio voluptatem accusamus. Architecto aut modi voluptatem provident.', 1, '2005-08-14 13:57:52', '1978-07-12 08:32:21'),
    (4, 'b581:210e:8783:cab:1fba:b40b:4518:bf77', 'libero', '1972-06-02', 'k', '287588', 'Vitae delectus impedit dolorem sed. Ullam aspernatur numquam non facilis. Soluta repellat nesciunt eveniet iure quis voluptates voluptatem ab.', 2, '2020-01-02 03:30:51', '1970-08-23 15:21:04'),
    (5, 'c96f:8be6:beba:8ae6:66ad:ddbb:121e:2ea4', 'qui', '1997-04-16', 't', '34152', 'Totam molestiae rem est reprehenderit. Est dicta quod perspiciatis totam possimus. Assumenda voluptatem iste amet ab ut. Odio repellat sed incidunt nisi doloremque asperiores quis explicabo.', 1, '1981-04-15 23:22:18', '1984-08-25 04:14:45'),
    (6, '10dc:e861:1e53:c88e:c5a4:1bcb:c26e:1c98', 'voluptas', '1983-03-24', 'd', '9388', 'Beatae dolor quas ut. Consequuntur eius quis veritatis voluptatem aperiam et. Voluptatem quas ut excepturi quae porro consequatur.', 2, '1979-10-15 20:21:01', '1970-02-19 15:02:50'),
    (7, '9ee:2593:7fcb:d5fd:9223:e7c2:fad7:914c', 'excepturi', '2000-05-21', 'g', '51818371', 'Et rem eos voluptates quisquam. Debitis ut nulla et quos. Eos temporibus rerum quos placeat autem sit qui. Eos sequi eveniet corporis reiciendis.', 1, '1970-11-08 03:12:01', '2010-01-12 22:32:10'),
    (8, '7bf2:5705:e6e7:4c8a:e9d6:a6e1:1236:5865', 'quia', '2016-01-20', 'o', '273', 'Molestias et explicabo qui dolores ullam earum. Magnam amet est maiores consequatur rem dolore. Qui repudiandae eum est dolore laboriosam velit.', 2, '1984-06-12 18:44:36', '1992-02-11 22:06:21'),
    (9, 'ba8c:8fe4:d76:3dcb:a58a:2cc0:e23b:a522', 'ad', '1975-12-27', 'w', '75', 'Omnis sunt pariatur dolor qui voluptatum. Ea eum corporis consequatur aut assumenda. Doloribus consequatur eius voluptates omnis dicta sit dolores.', 1, '2009-07-26 21:01:03', '1977-09-06 18:09:44'),
    (10, '399b:a7cb:80c0:d309:4f38:61a2:baae:7c1f', 'qui', '2019-12-08', 'r', '8160761', 'Et commodi illum omnis earum explicabo. A aliquid voluptatem laboriosam expedita suscipit. Dicta in non impedit consequuntur assumenda eligendi natus. Omnis cum a fugit.', 2, '2019-10-06 16:31:31', '2016-03-19 01:56:50'),
    (11, 'd9fa:ea1b:7833:4697:a49c:77fe:4167:2192', 'aut', '1981-11-20', 'w', '18003852', 'Eius ex perspiciatis ad ab veritatis. Est ducimus molestias itaque aperiam vitae cum mollitia. Cum consequatur perspiciatis accusamus sunt tempore id. Voluptatibus atque est qui quo esse sequi.', 1, '1982-10-25 00:35:23', '2007-07-21 09:39:01'),
    (12, '7f03:975e:4305:87da:bd3d:62cf:162b:360e', 'harum', '1981-05-04', 'r', '2834', 'Nulla minima nisi ipsa sunt id enim. Eum recusandae saepe porro aut possimus non dolorem. Ea dolore adipisci incidunt nesciunt sequi ut. Consequuntur rerum asperiores voluptatum esse architecto.', 2, '1997-06-13 20:17:02', '1998-09-13 23:54:24'),
    (13, '2dd5:e537:a1f5:19a1:bbdf:6247:15dc:f7e7', 'assumenda', '2004-01-23', 'b', '8713774', 'Reiciendis amet dolore molestias eos explicabo quos nihil ut. Earum cumque a excepturi quas in consequatur eos. Dolores non temporibus inventore labore est. Culpa sit non vel a labore vitae qui repellat.', 1, '1977-02-28 03:42:45', '1974-05-31 20:28:11'),
    (14, '2851:73b9:774:e5df:a26:e0c0:8029:c4f8', 'autem', '1980-12-11', 'h', '761774907', 'Necessitatibus ducimus vel aspernatur voluptatem illum. Sed occaecati ex laborum provident a soluta. Ut asperiores sed ipsa sit ipsam excepturi.', 2, '2006-09-26 12:03:24', '1987-06-30 14:53:40'),
    (15, '75a5:771f:9790:497c:546e:bd0:900:225c', 'neque', '1986-07-28', 'i', '', 'Molestiae qui ex et natus sed dolores sit. Ut dolore enim cumque est soluta.', 1, '1999-11-19 12:27:21', '1989-07-12 21:22:09'),
    (16, 'ba22:a689:8023:f965:c43d:39e6:d5dc:acc8', 'debitis', '1972-09-30', 'r', '', 'Mollitia aperiam repudiandae quo id maxime. Sed corrupti similique quibusdam autem. Quae consequuntur facilis ut accusamus neque id. Itaque nostrum consequatur non incidunt.', 2, '2005-12-25 10:14:56', '1976-04-25 13:32:38'),
    (17, 'f151:7474:8485:b17a:9cf2:d72c:fcee:2a5f', 'minima', '1990-12-29', 'z', '88654', 'Totam velit consequatur id soluta esse itaque eaque. Id maiores aut inventore.', 1, '2016-04-16 13:04:01', '1985-02-19 22:51:34'),
    (18, '8a5:330c:99e6:8c13:3c12:9e84:a5e8:5f7b', 'ut', '2006-09-19', 'p', '6', 'Perspiciatis alias voluptate reiciendis et voluptatum distinctio debitis quam. Quae enim dolor blanditiis soluta. Velit nulla ut est sunt blanditiis autem doloremque provident. Dolor et suscipit autem officiis earum delectus ', 2, '1985-11-01 21:42:56', '1976-08-09 09:52:40'),
    (19, '8a8e:2373:df94:b2a7:53e1:254:b37a:42d6', 'ut', '2014-09-27', 'm', '37', 'Repellendus voluptatem corporis culpa nulla et voluptates. Et quisquam impedit nulla voluptates deserunt ab eum sequi. Ut odio eius quaerat dolores nihil debitis voluptatibus. Et qui esse occaecati quidem.', 1, '1976-12-19 04:13:28', '1998-11-03 01:24:57'),
    (20, '733e:945d:6fba:5ef:bbec:7d27:9854:a9a7', 'qui', '1998-08-04', 'c', '379', 'Nesciunt natus earum non id reiciendis consequatur enim. Natus vitae ullam voluptatibus voluptas eveniet sit ut amet. Eveniet unde ratione inventore esse. Dolores nostrum quod pariatur voluptatem.', 2, '1991-04-02 03:22:40', '1982-07-01 03:57:48'),
    (21, 'f275:7fad:120a:8bc8:9eb:46dc:89e7:5868', 'doloribus', '2006-09-07', 'b', '19', 'Aperiam cumque quaerat atque. Et incidunt dolorem alias consequuntur nisi quidem vero. Omnis accusamus in neque nostrum.', 1, '1970-02-01 17:51:04', '2019-01-26 13:56:09'),
    (22, '5430:2046:8947:fc6b:ad0a:2fb5:b732:f70a', 'sit', '2010-12-23', 'b', '51', 'Quasi veritatis rerum neque ducimus officiis aut perferendis. Id perferendis est eligendi voluptas quia ab et. Autem minus illo perspiciatis illum quasi eum consequatur fugiat. Nam qui qui sapiente quibusdam porro qui fugiat ', 2, '2006-08-06 22:22:15', '1982-08-07 21:52:24'),
    (23, '4473:c840:11ab:7490:a5fd:8eec:8e9e:f869', 'nulla', '1984-01-06', 'x', '22773', 'Voluptatem est libero nesciunt eveniet consequatur ducimus. Accusamus rem delectus porro odio aperiam odio aliquid harum.', 1, '1979-08-28 05:54:35', '1984-07-06 15:22:08'),
    (24, 'fd3a:2057:a5d6:2658:785d:3d5c:b532:e0b9', 'blanditiis', '1985-12-08', 'l', '5561', 'Tenetur aspernatur praesentium perspiciatis earum modi vitae quaerat qui. Similique officia tenetur incidunt molestias ut itaque maxime. Recusandae voluptatem reprehenderit voluptas.', 2, '1979-09-02 11:40:07', '2013-08-18 11:20:56'),
    (25, '9877:3417:55ef:2277:40e7:29a8:68c6:5db3', 'qui', '1987-04-28', 'c', '', 'Adipisci quae quas expedita quas totam aut accusantium. Natus veniam magnam soluta molestiae nisi. Et ullam modi nulla deserunt quasi hic dolor. Voluptatem aut quo quibusdam quibusdam qui enim.', 1, '2018-06-22 10:48:25', '1985-04-06 03:56:27'),
    (26, '6fc7:d08f:9f79:3c27:7852:1c8d:4c78:da5e', 'tenetur', '1991-11-19', 'v', '915462', 'Magnam non consequatur ad beatae corrupti. Molestiae ab exercitationem quidem in qui provident consequatur. Ut autem repellat error exercitationem ut occaecati eos nemo.', 2, '2011-04-04 19:49:06', '1974-06-29 04:31:38'),
    (27, 'bc07:a557:a6e9:cf85:8631:39aa:faf3:dd2', 'quia', '1974-06-08', 'a', '42037', 'Illum modi sint et praesentium nisi omnis molestiae dolorem. Inventore laboriosam laudantium incidunt ex sed enim omnis accusantium. Qui placeat veniam beatae ratione laudantium hic quis. Id omnis ab maiores et cupiditate iur', 1, '2003-02-24 18:11:20', '2004-05-07 16:00:43'),
    (28, 'cf13:3ac2:8a36:9838:ba00:c4db:372c:e996', 'et', '1979-09-22', 'r', '6467', 'Necessitatibus reiciendis beatae culpa labore ab dicta nulla. Iste ipsam fuga quia vel.', 2, '2004-07-01 16:16:39', '1996-04-30 20:06:41'),
    (29, '12fd:227:beac:ec43:ce6f:8983:c70:286', 'qui', '2008-05-06', 'l', '5989', 'Quia aperiam suscipit dicta et excepturi autem. Quas quo molestias fugiat voluptate enim modi et. Voluptatem ducimus iste aut vero incidunt soluta.', 1, '1986-01-18 17:36:48', '1996-10-08 13:37:49'),
    (30, 'cd20:1c7:4a75:627f:fdb5:79a5:2d24:c2f7', 'dolorem', '1974-02-21', 'o', '3187', 'Omnis numquam qui quis ad qui sunt assumenda consequatur. Eaque tenetur explicabo officia qui quam voluptas. Est nemo tempora vel.', 2, '2016-10-15 17:08:00', '1993-08-01 19:37:34'),
    (31, 'b555:2cf0:4849:7453:3647:2b4f:1dfd:6709', 'possimus', '1994-04-07', 'a', '425073', 'Nemo omnis eligendi pariatur sit qui. Aspernatur perferendis et officiis aut.', 1, '1985-06-09 02:05:29', '1987-12-21 16:47:46'),
    (32, '7040:40e6:ef:7d3f:9e74:e23f:40d3:cee9', 'deleniti', '1996-11-10', 't', '87', 'Tempore est dolorem est fugit omnis voluptatem aut. Impedit velit ut voluptatum. Recusandae odio est similique voluptatem. Doloribus ipsum in sed necessitatibus minus id minus.', 2, '1982-05-24 04:19:15', '1976-02-02 06:15:10'),
    (33, '747d:8066:87a0:8c10:68a9:73d7:2ed9:84b1', 'sint', '1991-03-30', 'j', '4322748', 'Nulla sunt sit nam alias sed quo odio fugit. Facilis nam ad placeat quos repudiandae. Magnam alias alias quasi vero modi laboriosam. Voluptatem nobis doloremque consequatur voluptatem.', 1, '2013-02-22 04:29:36', '2003-05-28 13:38:07'),
    (34, '7f82:cbf4:b044:60a5:8b2b:e1e9:2198:3f9b', 'in', '1998-04-30', 'n', '44670', 'Ut minima aliquid blanditiis. Quis similique molestiae tempora nisi alias voluptatem. Eius vitae in esse enim fuga iste.', 2, '2016-11-22 07:47:45', '1984-10-30 22:50:29'),
    (35, '7d82:4db4:25b8:8316:876a:db2:4492:b697', 'praesentium', '1970-05-15', 't', '7', 'Quia minus minima recusandae impedit quidem. Autem eos rem temporibus. Ad praesentium mollitia est.', 1, '2009-02-07 08:50:07', '2006-07-08 15:46:53'),
    (36, '5707:c040:a53f:7734:fb7a:a820:dda9:7ce9', 'vitae', '1995-01-03', 'q', '39174635', 'Iste mollitia ratione itaque voluptate repellendus repellendus quia. Quo nobis exercitationem ullam odio explicabo nulla harum aut. Iure et aut dignissimos qui. Autem quisquam qui tempora ducimus sequi qui dolores.', 2, '2013-12-10 00:01:29', '1970-01-24 07:38:39'),
    (37, '6776:3f34:d3d1:164f:f64c:93b:df5e:8787', 'fugiat', '1985-07-27', 's', '96', 'Vero nostrum facere dolor eligendi sapiente vel pariatur. Dolor nobis ut tempore autem illo. Natus fugiat tenetur corrupti harum facilis dolorem.', 1, '2019-05-11 04:29:19', '1981-07-07 10:28:59'),
    (38, '1620:4c1d:2904:6711:e27d:340a:89:afc', 'cum', '1970-09-30', 'c', '4901825', 'Eos repudiandae iusto dignissimos et. Minus quo et repudiandae ipsam.', 2, '1986-09-02 09:16:19', '2003-03-05 08:34:38'),
    (39, 'aad5:ca5d:5e7e:af1b:a767:274e:6f74:33b4', 'ut', '2016-09-04', 'c', '120045248', 'Maxime incidunt rerum sint. Nihil illum quod voluptas eos perspiciatis ea. Ab temporibus voluptates odio sunt sed dolor quidem. Nesciunt inventore voluptatem vel deleniti.', 1, '1971-08-16 17:55:20', '1996-03-23 15:31:15'),
    (40, 'c967:fab5:6283:f39d:1892:abab:820c:3753', 'blanditiis', '1970-03-13', 's', '66', 'Ex ad quaerat dolorum omnis suscipit. Alias voluptatibus rerum corporis eum.', 2, '1973-10-15 10:55:59', '1992-08-10 18:18:50'),
    (41, '17a9:c836:6f8:c763:eaca:6cc5:b03f:98e1', 'totam', '1974-10-11', 't', '28', 'Impedit temporibus distinctio nemo repudiandae iure sequi dolores. Impedit dolorum deserunt cupiditate praesentium. Dolorem sit doloribus architecto omnis sint magnam.', 1, '1987-02-07 18:52:00', '1981-04-16 05:39:21'),
    (42, '111d:44d5:cd2a:59f6:1e83:fc6f:e602:6aca', 'voluptatem', '2018-08-29', 'n', '8178', 'Occaecati deleniti quia aut facilis aut aut voluptas. Impedit velit vitae id et pariatur qui. Culpa quasi ullam cumque voluptatum ratione cupiditate magni. Quidem officiis voluptas ut quos.', 2, '1987-01-31 20:59:18', '2001-12-23 21:19:46'),
    (43, '466a:65ab:e0f4:97c1:289b:ee0:3e19:4099', 'et', '2018-02-06', 'c', '76025', 'Eos aut sint debitis et et eligendi non. Reprehenderit hic aut architecto voluptatem aliquam ratione sit.', 1, '1973-10-29 10:26:37', '2007-04-27 06:48:54'),
    (44, '74fe:2306:8f68:4811:aae2:b819:8b96:40a9', 'provident', '1978-01-22', 'l', '497976395', 'Numquam adipisci dolor dolorem dolor autem pariatur. Omnis eaque quia ipsum voluptas. Est voluptatem minus enim sit. Ut ipsa ea tempore qui vel unde asperiores ea.', 2, '2013-08-24 13:35:42', '1998-11-12 23:25:46'),
    (45, 'd15b:3458:a014:2922:6743:32ae:3994:84cb', 'ducimus', '2003-11-07', 'y', '26791145', 'Sunt nostrum maxime tempore. Vero aut ipsa ipsam assumenda. Numquam et atque est consectetur laudantium quia. Amet harum sit consequatur. Ipsam natus dolor qui libero enim culpa.', 1, '1997-11-27 01:53:25', '1994-11-06 20:37:35'),
    (46, 'c2d3:76b7:b28f:4545:fd6d:97db:a145:6803', 'voluptatem', '2003-04-23', 'k', '7175303', 'Porro deserunt aut et reiciendis est in repellat. Odit magnam quo dolor quas ex. Perspiciatis dolorem minus minima exercitationem. Tenetur aut nisi dignissimos corporis.', 2, '1998-06-27 09:22:38', '1981-09-04 07:05:32'),
    (47, 'fd20:29d1:b24:4979:fb36:2dbd:bc1a:1025', 'dolorem', '1984-07-22', 'c', '63757', 'Et fugiat voluptatibus consectetur sapiente. Debitis voluptatibus corrupti impedit impedit possimus. Vitae optio similique dicta vero nisi qui minima. Id ipsam quos corporis sapiente sed nulla quaerat.', 1, '1989-11-12 22:07:41', '2019-12-01 22:01:58'),
    (48, '1be3:b400:75c4:54d3:e6d7:799a:6e11:fda2', 'ut', '2013-01-24', 'r', '3121', 'Dolores consequatur exercitationem autem est aut consectetur. Error sint aut amet molestias dolore eum. Fuga consectetur aut libero sed fugit excepturi deleniti.', 2, '2019-06-14 12:50:20', '1992-10-23 03:30:12'),
    (49, 'b605:afb:4e5e:d324:b3c9:9af7:74cf:342e', 'nihil', '2015-11-29', 'n', '7', 'Et accusamus eum facere eos consequatur maxime enim. Architecto eaque et quia nobis libero similique.', 1, '1993-01-06 04:34:27', '2019-02-10 22:11:46'),
    (50, 'e3a2:671f:f5a0:aa2:b907:9764:d989:737f', 'nulla', '2019-10-10', 'a', '470', 'Rerum dolor delectus et natus aut porro provident. Modi aut suscipit vel delectus numquam laboriosam nam. Et nobis reprehenderit quo et excepturi eum.', 2, '1978-06-13 21:48:12', '2004-07-30 08:44:43'),
    (51, 'fc26:f6e7:75f3:aaf6:9348:c534:3d4f:5629', 'atque', '1997-12-13', 'r', '324887', 'Numquam eius eos sapiente voluptatem. Aut exercitationem in voluptatem. Voluptas voluptas repellendus voluptatem sunt maxime doloremque voluptatem. Molestias illo dolorum excepturi odio vero aspernatur. Praesentium explicabo ', 1, '2018-04-07 22:37:37', '2001-10-01 18:21:40'),
    (52, 'bca7:fb29:6b0f:f19d:ba45:ffcf:9d8:a1e4', 'sint', '1980-04-27', 't', '380', 'Tenetur laborum nobis et non quae esse qui sequi. Aperiam aut hic quas nam cumque qui. Consectetur deleniti est expedita molestiae quia. Labore et qui non dolor neque quidem exercitationem.', 2, '2000-04-08 06:51:55', '1979-01-04 10:33:11'),
    (53, '36f0:9a00:2fa2:3751:4caa:789e:404f:5d52', 'sit', '1996-08-22', 'c', '70', 'Ea voluptatem officiis eligendi voluptas. Voluptate facere dolor quia ea. Ut impedit error fugit deleniti sit maxime ducimus. Et sed voluptas similique ducimus aut.', 1, '2001-02-13 01:37:19', '1999-02-07 23:09:44'),
    (54, '928b:1604:aea3:1496:c83f:6eea:4354:cfc', 'ea', '2018-06-17', 'n', '231048', 'Consectetur qui eos voluptates in aspernatur. Voluptates voluptas impedit unde a. Ullam commodi et tenetur quidem sapiente. Architecto consequatur nisi dolores amet. Iste omnis quas quis.', 2, '1979-11-29 05:21:19', '2010-04-17 03:12:35'),
    (55, '49d5:a06f:fb1d:758e:2e65:e533:594b:f66b', 'dolores', '1987-06-23', 'j', '821749405', 'Dicta consequuntur molestiae sit excepturi modi labore unde. Similique velit voluptatem qui illo at ut. Possimus et voluptas aut porro ea. Necessitatibus sed consequatur sint eius hic earum itaque. Ea dolores aliquid tempore ', 1, '1999-07-04 16:47:45', '1972-06-21 01:04:55'),
    (56, 'cb89:70d4:d47f:80e0:c8c3:2e1b:4324:5e1e', 'non', '1976-02-16', 'q', '923349867', 'Accusantium eligendi cum sed fugit. Est facere velit dolorum enim. Tenetur ullam animi ut quam. Autem illum voluptatem praesentium ea.', 2, '2017-01-28 22:51:11', '1987-07-14 19:46:37'),
    (57, '7778:31a8:b718:731d:5c0d:2aee:b21a:44f1', 'ipsa', '1996-09-09', 'i', '73372', 'Impedit magnam nemo placeat. Eum id rerum dolorum molestiae aut qui temporibus. Neque rem accusamus iusto aut praesentium delectus dolores. Eos ut rerum itaque dicta.', 1, '1974-06-30 01:07:07', '1982-04-09 01:43:03'),
    (58, 'd4b1:fc81:462b:7f1f:cb13:33da:f2ad:3c9b', 'magni', '1997-08-22', 't', '608', 'Quaerat deleniti saepe accusantium ullam rem. Reprehenderit iste cumque ea. Quae iste tenetur dolor illum fuga ratione.', 2, '1986-02-08 12:53:03', '2006-02-27 22:54:23'),
    (59, '6393:6aed:daa5:3d67:e24c:c009:d86e:2f7f', 'ad', '2016-10-24', 'f', '273', 'Rerum debitis sed aut ab ex eius minus blanditiis. Harum quo earum sit rerum aut molestias assumenda. Aut quam saepe non nisi voluptatem neque. Et magni est doloribus numquam est et praesentium.', 1, '2013-05-11 00:10:28', '2005-03-20 13:12:26'),
    (60, 'dba6:f862:c48:11:661d:2a3c:54c5:eb9b', 'eius', '1995-10-02', 'k', '322', 'Ut atque quo facilis animi. Et quis necessitatibus quae tempore est odit non.', 2, '1980-03-01 11:51:06', '1991-11-20 22:03:36'),
    (61, '1b93:ca59:327e:3915:a325:1872:75f4:38a8', 'quibusdam', '1970-08-28', 'n', '24988', 'Fuga dignissimos expedita rerum nemo quidem cum rerum. Alias qui placeat perspiciatis dolorem eius et. Molestiae in vero officia quisquam quia cumque.', 1, '1987-09-09 09:12:04', '2003-10-24 03:59:54'),
    (62, '6a71:1fa4:2155:7954:a613:9234:7e46:c0dc', 'sequi', '1999-07-08', 'j', '91249313', 'Eos hic asperiores explicabo ipsa facilis facere nesciunt. Laborum ipsa aliquam quia enim est.', 2, '1990-08-26 12:18:44', '1974-04-29 06:01:53'),
    (63, '7c8e:df6e:fe6:f756:657:db9b:ebc1:9657', 'est', '1985-11-08', 'i', '', 'Dolorum expedita ut consequuntur quia. Soluta qui quia dolor sint sed rem beatae. Aut sapiente eos quibusdam ex alias.', 1, '1984-02-18 14:56:32', '2017-11-13 17:13:10'),
    (64, 'c590:31d4:b3d8:534a:c7ca:cfb7:1f15:3bc8', 'voluptas', '1992-05-09', 'q', '90', 'Et velit minus dicta hic sint ab architecto. Officia aut est qui quasi quis. Voluptatem ipsam consequuntur aut nulla adipisci.', 2, '1995-06-16 04:52:20', '1983-11-12 12:57:40'),
    (65, '19ff:df01:80ff:39e0:8bbf:11e1:2c69:9c45', 'in', '2020-06-22', 'o', '18', 'Vitae placeat sed debitis sint similique. Doloribus ut aut consequatur nostrum. Est saepe facilis quia.', 1, '2007-03-21 21:52:11', '1998-04-02 21:05:48'),
    (66, '9fdb:bfbe:2430:3571:78f9:d011:7912:698', 'in', '1998-12-03', 'g', '4509407', 'Eum distinctio sit ullam magni dolore cum. Omnis aut et impedit natus ut dolore. Laboriosam dolorem dolor voluptatem sit.', 2, '1981-07-24 04:19:30', '1990-09-15 05:17:52'),
    (67, '5423:af0e:3cac:c4b:2fee:9a5a:a3aa:8170', 'ut', '2018-12-02', 'r', '19720', 'Labore rerum maiores est architecto et. Nihil saepe ea tempora error sunt.', 1, '2002-03-27 01:46:46', '1994-08-22 00:21:45'),
    (68, '80b5:fd6e:1ef8:16f:a79b:e408:881d:8170', 'quis', '1974-02-10', 'o', '74011006', 'Nemo dicta distinctio ea debitis. Minus molestias dolor alias maiores dolorem aut. Et rerum et praesentium culpa voluptate et. Architecto voluptatem voluptas est natus.', 2, '2003-12-02 18:15:56', '2016-06-17 22:33:56'),
    (69, 'a58a:2ad6:101:8a16:970:d59d:f4d0:2583', 'corrupti', '1977-01-21', 'm', '', 'Non dolorum qui vitae. Ex perspiciatis doloremque eveniet laudantium iste et maiores. Et est iure et eos omnis facere. Commodi aspernatur quidem veniam at.', 1, '1975-11-17 02:28:42', '1997-07-17 00:49:25'),
    (70, 'a800:2505:217b:6918:4fac:b09:3854:4612', 'voluptatibus', '1994-03-04', 'w', '45', 'Nesciunt voluptatem qui et ut animi et dicta. Unde molestias eius dolor quaerat.', 2, '1976-08-15 20:23:34', '2019-09-15 08:01:19'),
    (71, '9d0e:ce4c:4c09:cdb:ec23:c53e:7b88:218', 'laboriosam', '2019-05-18', 'l', '2', 'Ullam qui laborum deleniti ducimus eveniet voluptates. Libero praesentium aperiam exercitationem quasi laboriosam fugiat. Nulla laudantium velit pariatur iure.', 1, '2001-04-23 02:50:12', '1990-04-24 00:38:00'),
    (72, '11ce:a9f0:3d24:eefc:22fd:f37:7d7e:75da', 'necessitatibus', '1987-12-27', 'u', '78558', 'Nihil impedit distinctio illum sapiente laudantium voluptatem minus. Est consequatur quia occaecati dolore nulla quaerat adipisci facilis. Sit fugiat velit culpa excepturi omnis ut est sequi. Et sunt eum voluptate in aut et.', 2, '1989-09-11 04:30:01', '1990-11-14 23:30:33'),
    (73, '104c:6c9e:f44c:4109:e4f2:534e:ed99:f94', 'temporibus', '1983-06-15', 'q', '532', 'Perferendis eos esse aliquam tempore. Provident magnam modi voluptates consequatur. Perspiciatis eum quae suscipit magnam minima vel nemo voluptatem.', 1, '1993-03-26 05:11:19', '2020-04-03 09:57:20'),
    (74, '7f7c:440:fdf3:528b:70a6:1c71:e472:2655', 'at', '2011-08-20', 'u', '91254', 'Dignissimos quaerat deleniti ullam consequuntur exercitationem fuga est. Qui odio consequuntur voluptatem sed. Est architecto minima corporis unde reprehenderit quibusdam.', 2, '1991-11-23 17:05:20', '2005-11-20 17:43:17'),
    (75, 'f467:c773:6b7e:b880:516d:a379:b046:e239', 'rerum', '1999-11-15', 'x', '337350472', 'Cupiditate neque consectetur reiciendis reprehenderit consectetur cumque reiciendis. Quisquam ut in nemo nostrum ipsam id et. Dolorem sint architecto soluta possimus ullam similique. Cupiditate quaerat non autem ipsam necessi', 1, '2007-03-27 02:31:46', '2016-03-27 10:36:50'),
    (76, '58fd:8b18:a06f:51f0:c38:4a85:d2ab:a50', 'ea', '2004-02-28', 'b', '', 'Delectus sequi illo dolorem sit voluptas voluptate illum. Sint tempore quasi earum consectetur incidunt. Nihil numquam placeat autem aliquid dolores facilis rerum. Atque nobis vero non ut et temporibus ipsam.', 2, '1980-03-25 10:10:39', '1988-07-14 13:14:56'),
    (77, 'dc79:f745:c8c8:48b8:f868:a073:6fec:e986', 'laudantium', '2010-03-30', 'u', '51', 'Ut sed sunt earum consequatur animi. Quia nemo labore omnis. Molestias neque est dolorem dolorem id quia. Placeat repellat ipsum illum maiores.', 1, '1996-07-25 22:43:44', '1994-03-14 01:41:10'),
    (78, '502b:35b6:28ca:4eb7:2734:c920:52e1:67b8', 'temporibus', '1974-07-30', 'm', '1', 'Distinctio eos totam dignissimos sed rerum. Optio cumque qui quia. Nobis ea corrupti minima libero sunt.', 2, '1973-10-27 14:18:01', '1974-01-11 18:45:25'),
    (79, 'f6a5:f090:c8ab:8be8:b293:b8b7:32c3:1139', 'et', '1994-04-24', 'q', '32676676', 'Id quaerat et aut voluptatem accusamus veniam. Consectetur molestiae omnis officiis. Et quae sunt accusamus eveniet quasi fuga voluptas.', 1, '1993-09-29 10:08:34', '1986-02-28 04:23:41'),
    (80, '4cb1:7798:6539:14b1:7906:c06c:64e4:47c1', 'itaque', '1997-02-12', 'o', '581922', 'Delectus ut et at occaecati cumque dolorem vel blanditiis. Ipsam alias sed unde repudiandae ullam quisquam quos quo. Unde quia eos facere sed aut in aut consequatur.', 2, '1975-12-30 16:10:46', '2002-02-23 08:12:37'),
    (81, '6806:c613:653e:1635:26a:bf50:e51a:2060', 'iste', '2002-09-21', 'c', '53575756', 'Illum eveniet non autem excepturi voluptatibus. Est quae aliquam ratione corrupti et.', 1, '1994-04-18 14:08:03', '2004-11-07 22:52:22'),
    (82, 'f737:5eef:6d50:71b4:98bf:49f5:1a6b:9702', 'laborum', '2015-02-15', 'y', '42', 'Eos consequatur dicta neque voluptatem aut ut laboriosam. Omnis eum aut ipsa ex sapiente rerum vero.', 2, '2006-02-28 06:58:32', '2010-11-29 16:49:35'),
    (83, 'aa69:9932:b1ec:7fb2:dbb2:629a:9cf5:9dff', 'facilis', '2016-11-11', 'd', '9', 'Fugiat dolorem quia aut provident dolorem ut. Repellendus sequi dolorem omnis necessitatibus et sapiente velit. Sunt doloremque fuga sit ab et ea repellat. Pariatur corrupti necessitatibus omnis nulla animi et.', 1, '2006-12-12 13:43:52', '2008-10-02 23:08:53'),
    (84, '5a04:9175:fcf:2dda:4f38:d975:fb0e:3897', 'vel', '2001-09-15', 'j', '9371', 'Fugit esse voluptatem molestiae tenetur. Nobis explicabo corrupti velit consequuntur voluptas. Fugit libero qui dolorem quos amet enim. Commodi necessitatibus eum corporis et rem id.', 2, '2003-06-21 16:35:00', '2003-09-12 09:36:57'),
    (85, '6ed:52a2:9124:e3fb:5c37:dc49:57ef:8531', 'quis', '1997-05-12', 'o', '65', 'Laboriosam magnam dolor occaecati eveniet inventore illo quis. Corrupti voluptatem vero eaque. Fugit excepturi dolorum ad voluptas et quia.', 1, '1986-06-17 13:23:47', '2002-09-27 09:31:19'),
    (86, '1206:a9ff:ecd7:37ef:dfc4:50ec:29c9:b62', 'et', '1980-06-05', 'i', '1', 'Ut iste magnam consequatur exercitationem minima. Distinctio ut libero magnam dolorum. Beatae ipsa omnis dignissimos ipsam. Reiciendis nihil sint est.', 2, '2000-05-30 18:58:30', '1998-03-12 19:23:08'),
    (87, '8fc2:fd3e:6066:31e8:1f3f:caed:d2e5:3fc8', 'molestias', '2003-10-01', 'a', '599394259', 'Mollitia fugiat officia architecto ullam culpa accusamus. Est et facere quod ea quod. Ex maxime deserunt quibusdam voluptatem voluptas illum est. Necessitatibus fugiat corrupti voluptatem. Expedita ab fugit omnis eaque sit.', 1, '2017-09-30 20:39:48', '1987-09-20 00:24:28'),
    (88, '9d07:a3bf:f873:4e77:d50:cc8c:8c4:65f2', 'aut', '1975-02-18', 'h', '31532', 'Voluptas vero accusamus ut natus quia distinctio. Corporis enim sint voluptatem quaerat quia aperiam iste. Quis quis ad quae quos.', 2, '2006-12-13 05:25:39', '1978-10-17 20:45:18'),
    (89, '7bf5:dc0a:1c89:2737:48f9:805e:f165:a94b', 'sapiente', '2002-12-11', 'c', '853218177', 'Dolorem provident est aut autem. Natus iure accusamus modi deleniti consectetur. Soluta est error quia voluptatem atque. Incidunt quos molestias tempora similique nihil ut.', 1, '1987-11-04 23:29:40', '2016-05-07 20:16:18'),
    (90, '7178:a487:acf8:cfa:5f7a:988d:9b3c:9e1a', 'minus', '1989-04-25', 'x', '9', 'Quasi natus id non delectus culpa facere. Impedit nihil quam quidem tenetur. Aut aut iste aspernatur.', 2, '1988-05-27 06:34:20', '2005-02-26 10:57:05'),
    (91, 'd874:55fd:d81e:2bf3:a5af:185:4fce:b7f', 'nulla', '2015-10-04', 'e', '496391164', 'Laborum amet commodi exercitationem ut non enim. Ratione assumenda dolor pariatur et voluptatem occaecati explicabo. Praesentium voluptatum aut dolor voluptas ducimus sunt. Saepe facilis est dolores sequi quidem est distincti', 1, '2006-07-13 23:01:35', '1975-07-05 06:00:52'),
    (92, '1052:9d86:b701:8d25:f9f7:4a4:e910:89e3', 'ea', '1984-02-22', 'b', '391023', 'Rem ullam non earum a iusto quod vel. Omnis veritatis porro cum molestiae sit occaecati consequuntur deleniti. Non accusamus harum sit ut sunt eaque.', 2, '1989-11-27 16:58:53', '2009-11-05 00:23:55'),
    (93, '94b:cdba:bc56:8eb8:20cb:e2df:562a:6a0c', 'placeat', '1994-10-26', 'x', '12962', 'Quia in sed pariatur quasi voluptas aliquid accusamus rerum. Eveniet blanditiis consequatur reiciendis deserunt. Iste ratione iste accusamus quam consectetur.', 1, '1981-02-16 00:38:35', '2019-12-25 09:25:31'),
    (94, '9488:2456:9e2d:190f:1f24:4387:311d:d9ca', 'omnis', '2019-05-08', 'h', '45789989', 'Reiciendis est ipsa non voluptates aspernatur voluptatibus. Quia dolorem voluptas laboriosam vel dolores deleniti ea. Culpa repellendus facilis quas incidunt.', 2, '1991-08-26 15:37:34', '2007-09-09 09:26:37'),
    (95, '4a79:1c3c:53f8:40ff:4906:caf4:28cd:d67f', 'quod', '2016-05-29', 'f', '9443', 'At praesentium corrupti quos quis dolorem a. Earum quidem iure aut aspernatur dolore esse odit consequuntur. Incidunt voluptas nihil cumque assumenda error eum voluptatem aut.', 1, '1998-10-18 03:18:04', '1979-02-17 07:33:16'),
    (96, 'd345:c08:90b5:f732:bbcf:9763:6530:45dc', 'consequatur', '2002-06-17', 'r', '37', 'Expedita alias in dignissimos eos consequatur. In asperiores numquam nihil ut est quasi. Nihil ipsum harum similique amet itaque neque nemo. Nisi quia ut deserunt. Explicabo sit ullam aperiam rerum est animi.', 2, '2001-01-15 08:42:43', '2010-07-11 07:06:02'),
    (97, '1981:4963:ea21:eb08:be92:64ba:7218:eb61', 'nihil', '2007-03-18', 'l', '26532', 'Odit deleniti tempore rerum molestiae voluptates autem et. Voluptates quasi nulla labore. Earum delectus sunt repudiandae consequatur. Ut autem a doloremque ut.', 1, '1989-02-25 13:18:56', '2001-08-21 18:34:41'),
    (98, '54d8:652f:5313:2fef:1013:fbd4:ffd4:cdc8', 'iusto', '1970-10-21', 's', '94482728', 'Veniam dolores facere nihil optio. Libero voluptas id magnam blanditiis consequatur. Quos neque autem at repellat temporibus ad dolor.', 2, '1988-08-16 14:13:27', '1973-02-01 08:38:08'),
    (99, 'ef4:cdfb:4f5:f33a:477d:4da4:4247:4b86', 'quidem', '2001-11-02', 'f', '998', 'Qui omnis et doloribus sunt. Nihil incidunt commodi voluptatibus qui. Et sunt aut ad voluptatem et sit suscipit ipsam.', 1, '1985-03-16 09:35:03', '1988-01-21 03:47:34'),
    (100, '69f1:7273:96ab:8208:9eef:ad4a:b1b6:1da2', 'sint', '1998-11-29', 'l', '765683674', 'Pariatur consectetur nesciunt omnis modi beatae laborum sed. Provident corporis unde doloremque voluptas. Delectus suscipit et eos quis neque consequatur.', 2, '1972-04-06 04:06:49', '1991-01-08 06:19:35');

   
INSERT INTO
  publication (id, user_id, geolacation, content_id, publication_types_id, body, is_public, views_counter, created_at, updated_at)
VALUES
    (1, 1, 'Robust bottom-line leverage', 1, 1, 'Natus voluptatibus ut hic facilis ut expedita unde. Voluptatibus nihil distinctio ut rerum. Enim molestiae qui perspiciatis dolorem. Mollitia rerum ea aspernatur sit ut fugit.', 1, 55, '2005-04-18 15:42:35', '2013-03-10 10:00:53'),
    (2, 2, 'Assimilated non-volatile portal', 2, 2, 'Enim non mollitia laborum. Repudiandae ratione ad quisquam ad. Et ducimus non magni totam sit et autem. Dignissimos voluptatibus rerum sunt repudiandae quas optio qui. Blanditiis consequatur similique placeat voluptatibus voluptates.', 0, 6841082, '2016-08-07 08:29:41', '2014-06-11 02:36:27'),
    (3, 3, 'Automated regional methodology', 3, 3, 'Vitae dolorum praesentium ea eaque tempora. Cumque animi doloremque est ipsum ut voluptate. Dolorum aut placeat provident placeat quam voluptas.', 1, 61, '1988-07-14 09:26:29', '2007-07-14 23:35:20'),
    (4, 4, 'Intuitive composite database', 4, 1, 'Corporis et reiciendis repellendus dolor recusandae in. Rerum molestiae non enim eos nam eos quam. Blanditiis possimus beatae adipisci. Omnis omnis sequi doloribus aut sequi quia. Sunt id error voluptatem aut ut.', 0, 21015073, '1995-06-11 14:15:22', '2004-08-03 16:02:56'),
    (5, 5, 'Multi-lateral radical migration', 5, 2, 'Libero voluptatem natus quaerat. Tempora porro fuga natus quibusdam. Tenetur repellat voluptatem ut in perferendis suscipit aut in. Doloremque inventore fugiat consequatur aperiam.', 0, 0, '2018-03-27 03:04:08', '1996-02-01 16:35:40'),
    (6, 6, 'Extended upward-trending service-desk', 6, 3, 'Non veniam asperiores ratione optio cumque. Accusantium quas sit sed nam est eum. Tempora est in dolorem tenetur.', 0, 622, '1995-01-19 23:28:47', '1997-12-01 16:47:21'),
    (7, 7, 'Public-key maximized firmware', 7, 1, 'Quam vitae totam pariatur est qui et. Expedita debitis dolorem amet hic labore culpa doloremque dicta. Repellendus praesentium quisquam repudiandae animi odio quae pariatur exercitationem. Sint molestiae totam et.', 0, 955, '2003-01-20 16:25:18', '1990-12-12 18:34:41'),
    (8, 8, 'Expanded zerodefect matrix', 8, 2, 'Voluptate exercitationem suscipit quaerat dolores nulla deleniti culpa. Accusamus rerum perspiciatis et nihil illo. Ea minus facere sint id omnis ut nobis. Sunt nobis esse odit recusandae dolorem laboriosam.', 1, 2184, '1986-03-21 23:46:07', '1984-12-05 02:11:19'),
    (9, 9, 'Streamlined grid-enabled localareanetwork', 9, 3, 'Delectus velit numquam occaecati temporibus sit eius. Repudiandae voluptatem ut saepe. Accusamus ut molestiae officia aut distinctio et. Commodi consequuntur laboriosam adipisci sed id cupiditate.', 0, 79058562, '1976-04-25 05:58:23', '1974-03-02 15:09:54'),
    (10, 10, 'User-centric disintermediate hardware', 10, 1, 'Accusamus harum totam et aspernatur tenetur impedit quod. Velit ex voluptatem dolorem architecto. Consequatur et sed et.', 1, 7, '2001-03-02 03:48:23', '1999-11-26 06:04:07'),
    (11, 11, 'User-friendly cohesive neural-net', 11, 2, 'Dolorem ullam quae placeat repellendus. Dolores nemo ratione voluptate amet eos totam dolorem. Enim mollitia quia in sint non. Minima recusandae facere magnam ipsa assumenda nulla molestiae.', 1, 96152, '2008-12-04 10:00:15', '1992-08-29 00:45:27'),
    (12, 12, 'Virtual discrete systemengine', 12, 3, 'Fugit alias nihil officia et eius enim. Molestiae placeat libero velit quia nesciunt nostrum. Voluptas quibusdam voluptatibus eligendi perferendis.', 1, 0, '2014-05-28 05:35:34', '2010-05-09 07:38:57'),
    (13, 13, 'Monitored radical array', 13, 1, 'Ex adipisci rem natus ut velit voluptate ad. Commodi sequi beatae ducimus adipisci eveniet quaerat. At consequatur quod hic laudantium.', 0, 1, '1983-01-12 18:07:20', '1984-06-17 10:04:48'),
    (14, 14, 'Grass-roots discrete product', 14, 2, 'Adipisci ex earum corrupti incidunt cum voluptates. Placeat veniam impedit tempora magni esse. Quos sint beatae incidunt expedita ullam est sit.', 1, 56, '1990-02-06 16:22:20', '1978-05-02 11:22:23'),
    (15, 15, 'Reverse-engineered zerotolerance approach', 15, 3, 'Possimus et fuga nihil rerum animi amet. Veritatis illo et sint neque quo suscipit. Consectetur illo ut esse incidunt ut rerum eius qui. Quia officiis ipsam et sed doloremque consequatur.', 0, 83, '2014-04-12 12:42:12', '1978-02-08 19:53:28'),
    (16, 16, 'Multi-lateral system-worthy website', 16, 1, 'Et qui placeat necessitatibus rem. Ut quia voluptas sunt quia. Nemo ipsam quo laudantium voluptatibus. Nam iusto error quis aut quo ea corrupti vel.', 0, 3616, '2014-05-19 23:58:55', '2016-04-20 01:49:54'),
    (17, 17, 'User-friendly even-keeled approach', 17, 2, 'Rerum labore corrupti nihil nisi minus. Corrupti et est et laboriosam dolor vel esse. Libero cumque odit est praesentium laborum.', 0, 86447, '1995-03-29 07:58:09', '2012-10-06 19:49:02'),
    (18, 18, 'Innovative national parallelism', 18, 3, 'Consequatur amet labore corrupti ducimus ut hic. Saepe aperiam facere molestiae rerum sunt asperiores ipsam eligendi. Dignissimos eos sunt eos quas voluptates cupiditate.', 0, 26320, '1996-08-20 10:56:00', '1978-07-01 14:36:22'),
    (19, 19, 'Public-key foreground methodology', 19, 1, 'Quo quod officiis culpa explicabo. Sit neque quia cum occaecati sit. Aliquid et nesciunt harum nihil sunt voluptatem. Exercitationem tenetur ex quia.', 1, 5367606, '1989-05-08 01:42:31', '2015-02-16 00:52:49'),
    (20, 20, 'Grass-roots global interface', 20, 2, 'Repellat esse molestiae eaque cupiditate numquam autem dolorum. Cum optio dicta enim repellendus. Perspiciatis ut occaecati ut fugit et et consequatur. Alias veniam odit nihil animi.', 1, 36714704, '2011-10-20 19:32:46', '1977-12-07 12:07:12'),
    (21, 21, 'Phased zeroadministration product', 21, 3, 'Magni omnis totam occaecati perferendis expedita. Totam ut qui aperiam numquam molestias inventore. Accusantium a maxime quo nostrum aut.', 0, 32842, '1995-03-17 14:57:43', '2015-06-23 00:54:07'),
    (22, 22, 'Progressive value-added moderator', 22, 1, 'Blanditiis architecto alias dolorem animi. Ipsam excepturi error ipsum facilis deserunt ducimus doloremque. Assumenda iste sunt libero explicabo.', 0, 416, '1973-03-18 04:04:27', '2015-11-02 15:13:54'),
    (23, 23, 'Total real-time capability', 23, 2, 'Deleniti repudiandae esse fuga optio aut asperiores ab. Beatae repellat enim possimus aspernatur et esse. Perferendis maxime perspiciatis laboriosam et officia libero in enim.', 1, 341, '1975-01-26 19:00:33', '1972-05-03 04:10:25'),
    (24, 24, 'Stand-alone reciprocal task-force', 24, 3, 'Hic ad sunt eius rerum sed. Consequatur laborum beatae doloremque amet rerum laudantium. Minus commodi amet voluptatem asperiores. Velit quo itaque odio quidem velit unde non.', 0, 0, '1987-02-24 12:08:48', '1980-02-11 05:05:07'),
    (25, 25, 'Cross-platform fresh-thinking workforce', 25, 1, 'Nisi saepe sequi dolorum totam. Incidunt iure laborum dolor et. Et consequuntur officiis esse qui. Nesciunt voluptas sit voluptatem voluptatem ut vel ipsa.', 1, 4025, '2007-11-11 05:34:19', '1989-01-25 07:10:17'),
    (26, 26, 'Expanded didactic task-force', 26, 2, 'Ullam omnis quae hic provident qui consectetur ea natus. Doloremque est explicabo consequuntur eaque consequatur perferendis quae fugit. Velit explicabo et reiciendis officia blanditiis non nisi corrupti.', 1, 7483, '1999-01-19 15:48:04', '1972-03-17 14:53:23'),
    (27, 27, 'Facetoface local initiative', 27, 3, 'At similique iste quam tenetur doloribus placeat. Sit necessitatibus occaecati nam molestiae est omnis. Earum eum hic fugiat reprehenderit.', 0, 8863, '1989-07-31 02:04:53', '1978-07-30 14:18:28'),
    (28, 28, 'Phased high-level localareanetwork', 28, 1, 'Omnis minus distinctio rerum. Eaque velit maxime voluptatem dolor. Vel placeat libero eligendi accusamus quia. Laboriosam voluptatum maxime iure eum.', 0, 2, '1971-08-13 21:01:06', '2005-05-05 16:54:06'),
    (29, 29, 'Profound context-sensitive superstructure', 29, 2, 'Ratione vitae ad maxime. Ex expedita veritatis qui ea aperiam qui voluptas quasi. Mollitia laudantium qui ullam necessitatibus sunt.', 0, 295, '1981-12-06 14:57:25', '1970-08-28 11:46:20'),
    (30, 30, 'Stand-alone responsive frame', 30, 3, 'Et qui sed ratione eum fugiat sequi. Qui quas iure sit recusandae atque dolorem ut odit. Aut incidunt autem provident placeat autem. Ipsam suscipit ab pariatur.', 1, 0, '1998-06-28 05:41:15', '1995-12-27 23:30:43'),
    (31, 31, 'Synchronised human-resource array', 31, 1, 'Qui praesentium hic eaque vitae. Omnis est quis occaecati vitae iusto eligendi. Laboriosam ullam nisi dicta omnis officia error necessitatibus.', 1, 76, '1999-02-28 12:15:36', '1985-02-05 23:50:29'),
    (32, 32, 'Advanced encompassing monitoring', 32, 2, 'Repudiandae ratione rerum aspernatur ut similique dolorem ad. Perferendis doloribus corporis qui qui sequi iste voluptatum. Illo exercitationem ea ipsum ea. Harum suscipit ipsam sed tenetur provident temporibus. Deleniti quo a aut voluptate aut fugit.', 0, 8111161, '2009-06-10 23:03:10', '1998-07-02 15:20:34'),
    (33, 33, 'Networked national portal', 33, 3, 'Voluptatem quam enim animi occaecati perferendis soluta asperiores dolore. Enim sequi et repellat porro qui. Inventore velit rem qui fuga dignissimos.', 1, 0, '2001-07-12 06:11:28', '1985-12-30 14:10:06'),
    (34, 34, 'Customer-focused cohesive policy', 34, 1, 'Ea voluptas odit hic sint est quia cupiditate. Unde sunt assumenda ex quia quia recusandae. Ipsum voluptatem quidem molestias consequatur qui eaque.', 0, 97, '1988-04-28 08:33:59', '1991-09-10 14:39:51'),
    (35, 35, 'Team-oriented directional superstructure', 35, 2, 'Aliquid nisi sed vero quo ducimus. Cum fugiat dolores corporis fugiat et. Numquam suscipit quisquam qui quidem facilis suscipit cupiditate. Rerum amet sint mollitia rerum magnam.', 0, 253333, '2003-06-16 14:14:38', '1985-05-15 14:17:59'),
    (36, 36, 'Up-sized homogeneous matrix', 36, 3, 'Praesentium perferendis occaecati cumque ut reprehenderit eos veritatis. Quia quasi necessitatibus voluptatum optio quibusdam possimus quisquam amet. In doloribus ratione nulla est perferendis occaecati labore quo.', 1, 15994037, '1988-11-06 01:47:43', '1978-10-21 10:23:52'),
    (37, 37, 'Streamlined cohesive localareanetwork', 37, 1, 'Qui dolorum maiores velit id saepe. Perferendis voluptatem consequatur nesciunt autem qui. Nulla et esse vel veniam. Natus sed corporis temporibus ad.', 1, 0, '2014-06-27 17:07:04', '1980-02-23 01:41:42'),
    (38, 38, 'Vision-oriented 5thgeneration knowledgeuser', 38, 2, 'Dicta corrupti ab id et iusto dolor non. Amet et illum ea amet omnis voluptas debitis. Laudantium eius aspernatur et harum libero iusto. Ut et ea voluptatum asperiores.', 0, 896936512, '2005-01-25 04:44:17', '2015-09-05 21:57:18'),
    (39, 39, 'Multi-tiered neutral alliance', 39, 3, 'Est eaque nisi repellendus ullam sit in eaque. Libero et id corrupti et non cumque. Sed iure quia qui pariatur earum. Harum nisi rerum accusantium occaecati sequi sunt.', 1, 0, '1971-11-21 06:10:58', '1997-08-21 12:29:06'),
    (40, 40, 'Compatible heuristic processimprovement', 40, 1, 'Minima ea quae id soluta deleniti nemo esse. Neque optio sit repellendus. Blanditiis accusantium exercitationem dicta delectus repellendus id id consequatur. Molestiae quasi recusandae eos laudantium nihil nam.', 1, 642, '2003-09-05 07:53:54', '2006-04-02 10:06:22'),
    (41, 41, 'Customizable foreground concept', 41, 2, 'Esse laudantium ratione pariatur impedit dolore. Perferendis quia at voluptatibus mollitia aut. Officiis dolor autem voluptates consequatur adipisci molestiae.', 1, 785, '1998-03-24 20:15:37', '1987-11-09 22:21:21'),
    (42, 42, 'Enterprise-wide attitude-oriented methodology', 42, 3, 'Aut ea aperiam est quis. Molestiae in quia rerum ipsum. Deserunt voluptate dolorum eius libero odio vel. Labore et reiciendis qui qui et ad enim.', 1, 2585308, '2018-06-03 19:14:35', '1996-12-30 13:53:43'),
    (43, 43, 'Devolved 24hour benchmark', 43, 1, 'Odio sit alias beatae error ut. Dolorem commodi voluptatum animi quia assumenda eveniet. Pariatur quia asperiores voluptatem odio consequatur quia similique. Placeat aliquam dolorum quo debitis corporis et.', 1, 22871706, '2012-07-21 06:58:29', '1990-08-05 00:32:51'),
    (44, 44, 'Innovative grid-enabled strategy', 44, 2, 'Tempora omnis praesentium placeat aliquam commodi exercitationem provident dolor. Natus sint et excepturi veritatis perspiciatis. Et laboriosam a omnis dolore dolorum atque. Voluptatem voluptatem nam harum.', 1, 3, '1986-03-28 16:25:55', '1977-02-01 03:54:00'),
    (45, 45, 'Extended tangible opensystem', 45, 3, 'Hic placeat voluptatum eum quia dolores esse quia. Ut et sed velit voluptate. Aperiam fugiat perferendis rem et maiores eligendi magni aliquid. Nihil iure eos nam quidem similique dolor quia.', 0, 6, '2007-01-15 07:05:14', '1972-01-28 04:48:04'),
    (46, 46, 'Digitized impactful synergy', 46, 1, 'Perferendis et suscipit qui omnis nostrum enim cum laudantium. Odit ipsum ut esse in omnis et sequi sit. Incidunt delectus consequuntur minus ipsam. Aut amet facilis et atque.', 1, 5521, '1994-12-25 10:13:09', '1977-08-20 23:36:44'),
    (47, 47, 'Universal motivating opensystem', 47, 2, 'Cumque ullam voluptas necessitatibus similique eligendi. Explicabo iure nostrum perspiciatis distinctio et possimus ullam.', 1, 635, '2016-01-03 11:18:13', '1977-01-29 16:01:50'),
    (48, 48, 'Programmable systemic architecture', 48, 3, 'Aut est sunt maiores voluptatem rerum nihil. Cumque voluptatem qui optio et modi. Hic odio perferendis modi aut nisi sint aut. Fugit fuga fugit laborum cumque harum non. Temporibus at labore cupiditate aut.', 1, 69, '1981-04-26 21:50:54', '1994-07-31 21:05:13'),
    (49, 49, 'Total nextgeneration model', 49, 1, 'Magni ipsa similique deserunt consequuntur ducimus. Velit nihil doloribus nihil. Repellat dolorem sapiente amet dolores ad omnis.', 1, 29, '2020-02-25 13:24:24', '1974-07-29 02:14:40'),
    (50, 50, 'Streamlined demand-driven leverage', 50, 2, 'Hic animi nisi amet qui. Vel illo ea cum eius tempore ullam. Optio vero dolor doloremque vel.', 0, 8, '1983-09-29 03:43:12', '1994-02-15 07:13:41'),
    (51, 51, 'Reverse-engineered analyzing budgetarymanagement', 51, 3, 'Quia quisquam et occaecati perferendis molestiae facere doloremque. Sunt ut nihil quis non enim ullam placeat architecto. Vero fugiat accusamus ipsum dolorem cupiditate. Perspiciatis ut deleniti fuga.', 0, 30752, '1977-11-13 17:34:16', '1996-06-25 09:34:08'),
    (52, 52, 'Up-sized eco-centric website', 52, 1, 'Exercitationem dolor alias ut et possimus. Culpa eius velit et et possimus mollitia occaecati. Animi sint pariatur excepturi unde cupiditate dolores. Quibusdam praesentium laboriosam dignissimos dicta.', 1, 3276201, '2004-12-27 03:59:26', '2014-06-06 10:29:02'),
    (53, 53, 'Optimized well-modulated matrix', 53, 2, 'Rerum sunt sint dolorem molestias officia animi qui. Eligendi cumque vel dolorem autem labore aut. Hic eligendi a tenetur dolorem maxime. Sit mollitia dicta modi.', 0, 0, '2003-08-10 21:45:29', '1996-09-25 15:16:40'),
    (54, 54, 'Managed grid-enabled intranet', 54, 3, 'Magnam expedita ipsa molestiae. Unde itaque sit labore aliquid sed. Explicabo ipsum aut minima nemo voluptatem et.', 1, 8829, '1989-05-29 09:38:43', '2001-03-26 23:41:35'),
    (55, 55, 'Future-proofed asynchronous analyzer', 55, 1, 'Quas vero aliquam dignissimos assumenda. Rem esse dolores laborum et repellat. Ullam culpa quae aut quas neque aliquid.', 0, 0, '1998-07-03 02:11:53', '1975-06-19 17:48:01'),
    (56, 56, 'Persevering cohesive knowledgeuser', 56, 2, 'Qui totam fugiat pariatur pariatur nihil maiores laboriosam. Sequi reprehenderit qui similique voluptatem. Repellendus eaque quis quis placeat aut quaerat incidunt.', 1, 577632, '1972-01-21 07:27:29', '2008-09-20 16:23:59'),
    (57, 57, 'Cloned heuristic approach', 57, 3, 'Quia voluptatem molestias quia. Ipsa ratione illo et saepe nostrum et. In nobis in atque quis fugiat. Quia suscipit magnam explicabo soluta.', 1, 975, '2005-09-04 07:20:55', '1999-09-11 07:28:40'),
    (58, 58, 'Business-focused actuating pricingstructure', 58, 1, 'Nihil nulla ut similique hic a velit. Illum adipisci laboriosam dolor blanditiis accusantium quae. Consequatur aut nihil quaerat. Aliquid ut atque inventore eveniet.', 1, 32714, '1997-04-26 02:21:49', '1996-09-10 13:05:06'),
    (59, 59, 'Down-sized directional archive', 59, 2, 'Placeat eos repellat iste nihil quae impedit. Praesentium expedita sed et sint et sint nam. Nihil atque ipsum ipsam rerum. Voluptatem dolores aliquid enim qui aliquid.', 0, 78, '2014-04-22 15:32:30', '1977-10-14 06:07:49'),
    (60, 60, 'Phased contextually-based conglomeration', 60, 3, 'Odio consequatur vitae rerum nisi exercitationem. Voluptates quisquam non fugit fugiat quaerat odio fugit. Facere molestiae tempore et provident.', 1, 7, '2019-01-20 02:40:19', '2007-10-02 23:45:18'),
    (61, 61, 'Operative heuristic algorithm', 61, 1, 'Quia sequi ad harum accusamus alias rerum quos. Quisquam sit tempora consequuntur fuga id sed. Est voluptates nihil officiis ipsa ex.', 1, 796660, '1978-09-17 13:24:15', '1986-12-16 22:37:45'),
    (62, 62, 'Cross-platform system-worthy encryption', 62, 2, 'Qui repudiandae maiores nihil vitae enim. Mollitia et voluptatem perspiciatis. Et sit non molestiae error architecto. Voluptatem temporibus et nulla quas tempora.', 0, 7618, '2001-01-01 21:28:09', '2018-04-18 07:42:48'),
    (63, 63, 'Networked heuristic pricingstructure', 63, 3, 'Quia reprehenderit error sed tempora laudantium sequi et. Omnis quia aut occaecati ipsa. Aliquam sunt deserunt accusamus corporis id quidem deleniti. Et et corporis dolor consequuntur.', 1, 479121393, '1976-10-01 18:28:40', '2017-08-02 04:46:25'),
    (64, 64, 'Inverse analyzing workforce', 64, 1, 'Eos magnam et reprehenderit aliquam est. Tempore dolores est eaque doloremque sit. Eos vel omnis optio. Error aut aliquid blanditiis omnis odit.', 1, 324019, '1984-08-25 10:57:51', '1971-11-07 21:33:48'),
    (65, 65, 'Enhanced multi-tasking synergy', 65, 2, 'Ipsam sequi sed error illo odit odio. Ab voluptas harum unde qui doloribus. Consequatur rerum temporibus soluta. Deleniti earum qui et harum corrupti et.', 1, 16838178, '2016-02-11 08:51:02', '1977-08-23 06:13:35'),
    (66, 66, 'Distributed zeroadministration moratorium', 66, 3, 'Qui iste excepturi voluptatem ut praesentium laborum molestiae similique. Fugit culpa est corrupti optio. Corporis et et saepe sunt. Est doloremque eaque nam inventore sed est neque. Quia voluptas molestias aut voluptatem nostrum cumque.', 1, 127389190, '1996-01-27 18:54:09', '1975-01-02 10:08:11'),
    (67, 67, 'Customer-focused impactful firmware', 67, 1, 'In aut repellat et natus. Voluptatem aspernatur aut blanditiis expedita repellendus. Praesentium repudiandae aut eum quia.', 0, 6242071, '2014-07-16 11:55:04', '1970-09-17 20:26:40'),
    (68, 68, 'Universal national initiative', 68, 2, 'Assumenda cumque illum at ab ipsa dolor magni excepturi. Odit quisquam vitae eligendi voluptatibus est qui. Voluptas qui provident dolores ullam.', 1, 75212, '1991-01-19 09:27:17', '1980-01-19 01:07:12'),
    (69, 69, 'Managed human-resource architecture', 69, 3, 'Velit dolor quis ab sed. Assumenda laborum commodi aut cupiditate dolore sit. Tempore tempore nesciunt qui voluptatum ut explicabo veniam et.', 0, 567265282, '1993-10-08 14:38:47', '1970-03-22 00:41:33'),
    (70, 70, 'Multi-tiered mission-critical infrastructure', 70, 1, 'Omnis sed impedit sequi. Iste quis rem repudiandae aliquid illo. Culpa omnis nobis dolorem saepe saepe. Cum veniam expedita qui praesentium et eos laboriosam beatae.', 0, 63246058, '1977-06-04 17:16:04', '2011-06-19 10:36:39'),
    (71, 71, 'Cross-platform multimedia encoding', 71, 2, 'Aliquid nam quasi quia aut. Ipsam ratione laborum consectetur voluptatem.', 0, 0, '1982-06-05 10:11:26', '1978-01-02 20:58:38'),
    (72, 72, 'Ameliorated well-modulated website', 72, 3, 'Odit facilis accusantium et rerum magnam deleniti amet. Et voluptas qui autem esse. Ipsa expedita possimus alias consequatur voluptas. Aut non possimus non et voluptatem magnam ea.', 0, 62990, '1984-12-20 10:19:06', '1985-06-05 14:49:17'),
    (73, 73, 'Extended motivating capacity', 73, 1, 'Quia dolore qui dolores nihil enim illum inventore. Qui ipsum nihil quos ad. Exercitationem et accusamus numquam quisquam et rem ratione. Necessitatibus perferendis labore eum accusamus molestiae voluptatem eius.', 0, 116046, '1991-03-05 07:33:16', '2008-11-04 23:57:56'),
    (74, 74, 'Organic motivating standardization', 74, 2, 'Vel est cumque possimus est illo minima. Commodi suscipit rerum eius distinctio consequuntur sed. Qui architecto facere officia ut quo quis aut.', 1, 9707, '1988-05-25 08:48:18', '2003-01-06 13:13:12'),
    (75, 75, 'Centralized uniform groupware', 75, 3, 'Et doloremque asperiores quia modi maxime et quis. Dolorem sit possimus accusamus. Non quisquam sapiente quibusdam corporis aspernatur. Inventore consequatur dolores mollitia laboriosam placeat consequatur.', 1, 331, '1988-04-24 06:11:40', '1974-03-16 01:27:13'),
    (76, 76, 'User-centric hybrid complexity', 76, 1, 'Tempora eos facere aut architecto aut enim ut. Ipsam rem quos doloribus rem libero nesciunt. Voluptas est eos numquam praesentium dolorem enim. Voluptates ut dolores doloremque magni tenetur eligendi. Sapiente autem quasi sint vel enim.', 1, 582, '1975-04-09 12:48:57', '1993-05-29 23:24:39'),
    (77, 77, 'Public-key bandwidth-monitored focusgroup', 77, 2, 'Blanditiis sed quia facilis tempore consequuntur a. Adipisci voluptas veniam dolor perspiciatis dignissimos enim. Inventore inventore sed ullam nihil repellendus omnis.', 0, 4047351, '2002-08-21 03:37:41', '2008-12-17 15:29:24'),
    (78, 78, 'Centralized 5thgeneration superstructure', 78, 3, 'Quia consequuntur accusamus impedit. Quia aspernatur quaerat laudantium reprehenderit atque. Similique amet est vel vel.', 0, 197179654, '1995-04-23 11:37:41', '1979-03-25 00:35:37'),
    (79, 79, 'Programmable maximized projection', 79, 1, 'Eos officia qui autem libero cum. Quia ut eveniet vel eum facilis et quam. Assumenda hic exercitationem voluptas quod dolores dolorem dolore. Quo sequi voluptas id magni et. Provident dolorem quidem maiores eum ullam.', 0, 462543, '2018-09-23 04:12:35', '1989-06-29 17:05:18'),
    (80, 80, 'Upgradable foreground opensystem', 80, 2, 'Quia hic vel mollitia quo pariatur vel perspiciatis est. Occaecati sed ullam et occaecati consectetur cumque. Laborum qui dolores magni quae maxime. Quidem et reiciendis voluptas culpa.', 0, 0, '2020-06-16 06:33:23', '2000-11-24 10:30:56'),
    (81, 81, 'Cross-platform logistical software', 81, 3, 'Ab dolorem necessitatibus vitae. Dignissimos omnis magni consequatur quasi voluptates sapiente corporis. Laboriosam voluptatum excepturi architecto repellendus.', 0, 4017, '1991-08-28 18:23:37', '1991-05-13 06:37:07'),
    (82, 82, 'Synergized grid-enabled attitude', 82, 1, 'Aperiam maxime itaque reprehenderit enim adipisci soluta nesciunt. Sint quidem commodi minus omnis modi. Nemo quidem veniam non adipisci aliquam doloribus. Reprehenderit odio aut incidunt et sed et excepturi.', 0, 30, '2009-03-26 21:03:51', '1985-08-04 08:07:45'),
    (83, 83, 'Open-architected local instructionset', 83, 2, 'Ut vel suscipit enim tempore. Sed ullam laudantium eaque id.', 1, 3223650, '2014-09-27 19:58:27', '1972-06-02 18:00:06'),
    (84, 84, 'Visionary bottom-line localareanetwork', 84, 3, 'Ut debitis quidem a qui odit voluptatem iusto eaque. Voluptatibus tempora necessitatibus in quisquam. Non explicabo quaerat voluptatum neque incidunt laborum.', 0, 0, '1978-06-21 00:01:28', '2008-03-26 19:52:37'),
    (85, 85, 'Organic regional migration', 85, 1, 'Sed numquam sapiente repudiandae. Illum debitis est similique cum deleniti aperiam porro. Saepe aliquid praesentium quo temporibus.', 1, 65841, '1970-05-26 19:56:34', '1983-12-18 12:48:06'),
    (86, 86, 'Versatile demand-driven implementation', 86, 2, 'Voluptatem repellat nemo porro dolorem illum. Non ipsa ut sed dolor nobis. Sint aliquid odit deleniti optio. Repellat sit rerum eius explicabo.', 1, 73, '2014-08-23 01:12:32', '2014-12-19 00:27:57'),
    (87, 87, 'Multi-tiered static instructionset', 87, 3, 'Pariatur dicta consequatur asperiores et repudiandae rerum assumenda. Dolore provident in amet incidunt. Voluptas quos nesciunt qui voluptas. Esse odio ullam ut rerum quis dolore vel molestiae.', 0, 1856, '1999-11-06 19:33:22', '1999-06-29 00:01:38'),
    (88, 88, 'Synergistic regional database', 88, 1, 'Nulla maiores sapiente reprehenderit excepturi eius quia. Id quaerat libero esse quo. Impedit dolore sint id.', 1, 693593939, '1997-05-31 03:21:27', '1999-06-23 02:32:17'),
    (89, 89, 'Future-proofed tertiary database', 89, 2, 'Sit illo repellat in necessitatibus sunt. Non architecto facere optio molestiae non tenetur. Et beatae corporis earum temporibus accusantium qui. Voluptatem quisquam eveniet soluta maiores occaecati sit ut quo.', 1, 15902, '2005-06-25 23:02:24', '2019-08-07 01:48:32'),
    (90, 90, 'Persevering analyzing budgetarymanagement', 90, 3, 'Debitis facilis modi sit illo aut reiciendis omnis nulla. Id molestiae et ut non magnam. Explicabo excepturi sed est.', 1, 82469, '2020-07-01 03:48:40', '2012-05-06 02:46:09'),
    (91, 91, 'Grass-roots holistic task-force', 91, 1, 'Non sint aut placeat ipsum blanditiis ipsam. Illum blanditiis unde optio molestiae. Consequuntur deserunt est recusandae atque sed occaecati optio. Et dolorum sint maxime voluptatem voluptatibus quas ut voluptatibus. Ab sit ut qui facere ut sed.', 0, 0, '2009-12-06 20:59:22', '1984-05-09 17:27:48'),
    (92, 92, 'Innovative discrete installation', 9, 2, 'Sint et repellendus totam est consequatur animi in. Dignissimos aut perspiciatis aut nihil cum harum tempora. Sint et tempore ut quos.', 0, 183852, '2010-12-20 06:03:22', '1981-08-12 19:51:05'),
    (93, 93, 'Customer-focused 5thgeneration encryption', 93, 3, 'Ut aut in accusantium molestiae qui fugit dolore. Vel necessitatibus ullam earum numquam. Commodi veniam illo est eveniet ex beatae in.', 0, 2782123, '1991-06-28 16:49:33', '2011-10-02 21:55:19'),
    (94, 94, 'User-centric 3rdgeneration analyzer', 94, 1, 'Cumque voluptatum sed sed sit autem. Vel qui odio ratione eaque. Ut autem quo tenetur est maiores laborum. Voluptas culpa tempora earum iusto.', 0, 932723, '2008-11-14 05:34:58', '1984-04-18 01:19:23'),
    (95, 95, 'Managed local implementation', 95, 2, 'Quaerat eligendi nesciunt in vel ullam voluptatum consequatur. Tempora quisquam velit voluptas facere. Ullam enim distinctio repellat similique exercitationem aut soluta impedit. Quod voluptate quam quia.', 1, 422, '1993-08-04 17:23:11', '1987-12-05 05:28:19'),
    (96, 96, 'Enhanced content-based policy', 96, 3, 'Facere repudiandae nihil beatae eos. Nulla ipsum qui asperiores ipsa.', 1, 417, '1995-04-05 05:09:31', '2016-12-07 13:48:14'),
    (97, 97, 'Streamlined motivating internetsolution', 97, 1, 'Culpa facilis modi qui maxime alias iure quia pariatur. Deserunt libero inventore error aut modi. Eos sit nisi ipsum quia officiis asperiores molestiae. Culpa accusamus reiciendis error illo dicta. Eos cumque vero accusantium labore sed.', 0, 171856, '2011-07-28 11:06:53', '2008-04-02 16:45:40'),
    (98, 98, 'Grass-roots contextually-based circuit', 98, 2, 'Est voluptatem voluptas dolores nesciunt aliquid. Ex eos deserunt eos maiores tenetur. Molestiae magni sed delectus et quia et.', 0, 0, '1999-07-15 22:51:18', '1990-03-10 18:13:32'),
    (99, 99, 'Synchronised eco-centric capacity', 99, 3, 'Optio ipsum necessitatibus error nihil expedita autem expedita. Dignissimos voluptas nihil voluptate deleniti ut. A alias adipisci quos explicabo cumque id quam.', 1, 85346670, '2011-02-08 04:58:11', '2007-12-12 21:30:09'),
    (100, 100, 'Progressive holistic alliance', 100, 1, 'Iusto voluptatem enim quia excepturi. Repellendus doloremque impedit illo. Harum debitis minima minima blanditiis quod perferendis.', 0, 82906, '1974-02-08 10:51:13', '1982-06-30 04:26:50');

   
INSERT INTO
  publication_types (id, name, created_at, updated_at)
VALUES
    (1, 'Photo', '1998-04-06 21:58:16', '2007-03-04 13:18:16'),
    (2, 'Small video', '1977-12-14 20:12:25', '1988-09-11 10:58:50'),
    (3, 'IG TV', '1976-06-28 22:12:39', '2014-05-18 00:23:17');
   
   
INSERT INTO
  statistic (id, acount_types_id, likes_target_id, vievers_target_id, reposts_target_id, created_at, updated_at)
VALUES
    (1, 2, 1, 1, 1, '1976-09-06 13:22:47', '2010-01-04 01:50:27'),
    (2, 2, 2, 2, 2, '2018-03-01 02:13:12', '1971-08-12 12:17:15'),
    (3, 2, 3, 3, 3, '1993-01-16 06:37:05', '2013-11-21 15:36:09'),
    (4, 2, 4, 4, 4, '1990-10-31 11:54:20', '1984-06-11 18:37:34'),
    (5, 2, 5, 5, 5, '2014-08-26 00:36:08', '2008-06-11 05:39:26'),
    (6, 2, 6, 6, 6, '2004-06-28 04:25:08', '1978-05-06 07:00:57'),
    (7, 2, 7, 7, 7, '1984-05-03 13:36:54', '1987-08-08 23:08:46'),
    (8, 2, 8, 8, 8, '1988-08-06 11:56:47', '2015-07-16 06:09:49'),
    (9, 2, 9, 9, 9, '1974-12-18 02:24:22', '1994-03-22 07:39:34'),
    (10, 2, 10, 10, 10, '1996-06-03 08:16:32', '2007-01-19 04:23:03'),
    (11, 2, 11, 11, 11, '2008-07-19 07:30:25', '2008-06-20 13:23:45'),
    (12, 2, 12, 12, 12, '1975-03-06 08:17:18', '2015-08-12 00:30:43'),
    (13, 2, 13, 13, 13, '1982-07-08 05:00:30', '2002-04-17 07:43:10'),
    (14, 2, 14, 14, 14, '1993-03-27 02:07:23', '1975-04-25 15:24:41'),
    (15, 2, 15, 15, 15, '2005-03-18 18:45:17', '1977-02-05 00:19:11'),
    (16, 2, 16, 16, 16, '1979-06-01 08:10:26', '2013-06-06 13:50:00'),
    (17, 2, 17, 17, 17, '1971-09-23 21:58:01', '2007-06-12 03:06:03'),
    (18, 2, 18, 18, 18, '1987-07-06 04:12:05', '1980-07-07 19:34:43'),
    (19, 2, 19, 19, 19, '2010-12-18 15:19:34', '1983-07-29 01:41:00'),
    (20, 2, 20, 20, 20, '1984-01-01 06:11:40', '2004-12-25 15:10:53'),
    (21, 2, 21, 21, 21, '1986-05-23 20:44:57', '1970-09-26 12:31:18'),
    (22, 2, 22, 22, 22, '1996-01-26 12:02:14', '2013-06-05 08:24:04'),
    (23, 2, 23, 23, 23, '1984-12-19 02:06:25', '1981-10-31 17:58:51'),
    (24, 2, 24, 24, 24, '2017-03-16 14:01:05', '2010-11-24 19:20:05'),
    (25, 2, 25, 25, 25, '1978-07-01 15:43:15', '2003-09-25 00:39:08'),
    (26, 2, 26, 26, 26, '1984-02-19 19:13:16', '1972-05-21 04:24:30'),
    (27, 2, 27, 27, 27, '2019-08-06 03:39:08', '1979-12-25 19:05:34'),
    (28, 2, 28, 28, 28, '1970-05-06 10:40:11', '1987-09-13 12:07:25'),
    (29, 2, 29, 29, 29, '2006-02-26 02:31:54', '2016-12-18 16:29:33'),
    (30, 2, 30, 30, 30, '2003-10-09 19:30:26', '1998-06-08 11:53:02'),
    (31, 2, 31, 31, 31, '2004-06-28 09:55:42', '1989-07-03 10:21:54'),
    (32, 2, 32, 32, 32, '2002-07-31 08:39:51', '2003-11-16 01:42:44'),
    (33, 2, 33, 33, 33, '1986-05-08 04:09:20', '2015-01-20 15:12:36'),
    (34, 2, 34, 34, 34, '1998-08-05 05:18:58', '2010-07-19 14:14:49'),
    (35, 2, 35, 35, 35, '2000-01-20 23:34:22', '2020-06-19 18:38:17'),
    (36, 2, 36, 36, 36, '2020-02-18 10:02:49', '1989-04-22 09:43:38'),
    (37, 2, 37, 37, 37, '1993-12-24 09:50:22', '2019-11-22 04:51:17'),
    (38, 2, 38, 38, 38, '1997-12-01 13:21:52', '2000-01-28 15:49:55'),
    (39, 2, 39, 39, 39, '2001-07-30 19:34:50', '1987-03-06 16:12:33'),
    (40, 2, 40, 40, 40, '2018-09-21 14:22:30', '1986-12-25 03:48:05'),
    (41, 2, 41, 41, 41, '1984-04-27 15:25:05', '2015-05-12 13:46:33'),
    (42, 2, 42, 42, 42, '2008-11-17 01:51:43', '2001-02-12 03:42:42'),
    (43, 2, 43, 43, 43, '1985-08-04 18:21:04', '2015-08-05 15:52:01'),
    (44, 2, 44, 44, 44, '1984-02-17 14:31:30', '1996-05-09 19:38:17'),
    (45, 2, 45, 45, 45, '2016-09-02 03:31:35', '1987-10-01 04:23:59'),
    (46, 2, 46, 46, 46, '2012-02-27 10:20:54', '1977-01-25 16:14:42'),
    (47, 2, 47, 47, 47, '2007-12-19 18:18:13', '1990-04-15 10:57:24'),
    (48, 2, 48, 48, 48, '1973-03-01 05:18:16', '2010-10-08 05:09:02'),
    (49, 2, 49, 49, 49, '2018-08-12 18:45:00', '1975-10-31 22:56:11'),
    (50, 2, 50, 50, 50, '1975-08-25 00:48:58', '1971-02-07 13:46:16'),
    (51, 2, 51, 51, 51, '1986-03-07 18:11:14', '1988-09-12 19:26:00'),
    (52, 2, 52, 52, 52, '2005-04-04 06:44:59', '1987-01-26 11:04:25'),
    (53, 2, 53, 53, 53, '2006-06-20 11:53:13', '1994-05-21 14:41:37'),
    (54, 2, 54, 54, 54, '1971-01-03 17:20:07', '2012-01-15 06:28:19'),
    (55, 2, 55, 55, 55, '2012-07-26 15:10:10', '1979-12-30 16:30:10'),
    (56, 2, 56, 56, 56, '2014-01-05 20:39:32', '1989-01-16 16:51:15'),
    (57, 2, 57, 57, 57, '2005-07-26 13:43:38', '1970-08-29 17:51:24'),
    (58, 2, 58, 58, 58, '1978-04-30 07:35:02', '2010-04-08 12:58:40'),
    (59, 2, 59, 59, 59, '2013-03-03 13:22:28', '1998-08-24 13:13:20'),
    (60, 2, 60, 60, 60, '1977-07-31 00:21:21', '1995-10-29 08:29:44'),
    (61, 2, 61, 61, 61, '2008-02-07 11:38:47', '1984-03-20 06:50:47'),
    (62, 2, 62, 62, 62, '1991-06-23 07:07:49', '2003-11-04 16:57:57'),
    (63, 2, 63, 63, 63, '1978-08-26 14:39:50', '1993-06-04 14:21:40'),
    (64, 2, 64, 64, 64, '2020-05-08 16:24:27', '2015-12-18 15:59:27'),
    (65, 2, 65, 65, 65, '1985-12-20 17:06:02', '1987-11-16 16:14:48'),
    (66, 2, 66, 66, 66, '1981-09-21 00:31:36', '1982-05-25 17:30:11'),
    (67, 2, 67, 67, 67, '1995-09-11 14:32:52', '2007-04-26 08:16:09'),
    (68, 2, 68, 68, 68, '2010-03-14 23:15:15', '1975-05-20 04:33:21'),
    (69, 2, 69, 69, 69, '1982-06-02 12:53:35', '1993-09-01 07:03:41'),
    (70, 2, 70, 70, 70, '2012-04-06 19:49:35', '1979-09-23 14:42:37'),
    (71, 2, 71, 71, 71, '2011-06-03 11:04:22', '2010-06-26 03:57:27'),
    (72, 2, 72, 72, 72, '2004-10-08 15:34:51', '1977-08-01 20:18:43'),
    (73, 2, 73, 73, 73, '2017-08-07 01:45:33', '1973-06-09 01:40:01'),
    (74, 2, 74, 74, 74, '2002-12-13 21:02:55', '1983-01-26 09:29:49'),
    (75, 2, 75, 75, 75, '1990-07-20 17:29:20', '1975-11-13 23:42:14'),
    (76, 2, 76, 76, 76, '2014-12-05 13:12:03', '1982-02-15 16:15:00'),
    (77, 2, 77, 77, 77, '1982-06-04 20:10:34', '2001-08-26 14:05:04'),
    (78, 2, 78, 78, 78, '2019-12-25 14:32:38', '2005-01-02 09:00:09'),
    (79, 2, 79, 79, 79, '1976-08-12 17:10:42', '1972-10-07 14:21:41'),
    (80, 2, 80, 80, 80, '1997-07-31 13:44:20', '2011-12-04 04:36:01'),
    (81, 2, 81, 81, 81, '2010-04-28 23:21:10', '1994-07-14 04:39:48'),
    (82, 2, 82, 82, 82, '1985-03-18 23:29:01', '2008-03-08 04:41:27'),
    (83, 2, 83, 83, 83, '1975-02-05 00:33:01', '1997-01-22 07:25:34'),
    (84, 2, 84, 84, 84, '2016-11-23 22:00:36', '1975-07-16 03:13:28'),
    (85, 2, 85, 85, 85, '2020-06-23 06:10:11', '2001-04-25 04:12:36'),
    (86, 2, 86, 86, 86, '1972-11-14 01:37:19', '1996-12-09 23:27:17'),
    (87, 2, 87, 87, 87, '2011-05-18 02:13:01', '2018-01-02 21:34:01'),
    (88, 2, 88, 88, 88, '2002-11-02 02:15:28', '1999-07-20 23:37:46'),
    (89, 2, 89, 89, 89, '1977-07-17 13:05:14', '1982-09-07 18:11:03'),
    (90, 2, 90, 90, 90, '1979-04-25 09:20:30', '2014-04-27 07:35:39'),
    (91, 2, 91, 91, 91, '1983-03-07 22:17:41', '1975-02-18 04:41:56'),
    (92, 2, 92, 92, 92, '1973-08-21 16:32:12', '1976-06-01 20:59:24'),
    (93, 2, 93, 93, 93, '1984-11-25 17:38:37', '1983-07-03 08:02:21'),
    (94, 2, 94, 94, 94, '2007-09-02 13:35:18', '2019-01-11 06:39:47'),
    (95, 2, 95, 95, 95, '2015-04-25 02:50:31', '2017-09-12 05:35:01'),
    (96, 2, 96, 96, 96, '2010-12-11 21:34:26', '1987-10-18 22:21:47'),
    (97, 2, 97, 97, 97, '1984-07-26 05:25:52', '2003-12-03 10:09:10'),
    (98, 2, 98, 98, 98, '1989-09-26 12:53:03', '1993-12-20 15:50:49'),
    (99, 2, 99, 99, 99, '1971-09-20 09:49:31', '1986-02-16 13:50:27'),
    (100, 2, 100, 100, 100, '1974-08-23 23:20:41', '1979-10-29 08:57:14');
   
INSERT INTO
  stories (id, user_id, geolacation, content_id, stories_types_id, is_public, is_archived, views_counter, created_at, updated_at)
VALUES
    (1, 1, 'Kautzer, Kovacek and Hoppe', 1, 1, 1, 0, 4875, '2010-11-16 04:21:57', '1981-05-23 15:59:30'),
    (2, 2, 'Morar, Shields and Langosh', 2, 2, 1, 0, 92912601, '1988-01-09 17:29:52', '1984-01-14 20:09:20'),
    (3, 3, 'Hodkiewicz and Sons', 3, 1, 0, 1, 5554756, '1985-09-30 21:57:18', '2016-10-02 06:44:24'),
    (4, 4, 'Bechtelar-Lakin', 4, 2, 0, 0, 9187028, '1994-12-01 01:38:03', '2014-04-13 18:18:11'),
    (5, 5, 'Pfeffer Group', 5, 1, 1, 1, 0, '1995-06-24 10:27:43', '1989-10-20 18:04:36'),
    (6, 6, 'Langworth, Tillman and Ryan', 6, 2, 1, 0, 848145712, '2020-05-06 20:02:26', '1970-01-04 05:32:14'),
    (7, 7, 'Smitham, Little and Dare', 7, 1, 0, 0, 8338, '2015-09-05 11:20:52', '2005-03-29 11:01:30'),
    (8, 8, 'Volkman Inc', 8, 2, 1, 0, 400482354, '1979-11-25 12:00:21', '2004-07-27 15:44:18'),
    (9, 9, 'Greenholt-Schulist', 9, 1, 0, 1, 42721017, '2005-09-02 10:03:52', '2003-08-14 04:51:56'),
    (10, 10, 'Adams, Berge and Langosh', 10, 2, 0, 0, 1271, '1992-06-17 05:49:39', '1971-12-09 00:32:39'),
    (11, 11, 'Murazik LLC', 11, 1, 0, 1, 9488, '2006-06-18 08:43:56', '2001-12-01 11:48:10'),
    (12, 12, 'Hane, Dare and Leffler', 12, 2, 0, 0, 895, '1984-12-01 02:51:41', '1998-02-01 20:35:13'),
    (13, 13, 'Hermann-Barton', 13, 1, 0, 0, 6, '1994-01-15 07:07:25', '2015-11-16 14:35:42'),
    (14, 14, 'Keeling, Keeling and Paucek', 14, 2, 1, 0, 92, '1972-04-11 02:53:49', '2017-07-17 15:53:27'),
    (15, 15, 'Greenholt-Schowalter', 15, 1, 0, 0, 0, '2007-07-20 12:06:49', '1985-05-18 17:54:07'),
    (16, 16, 'Kerluke-Collins', 16, 2, 0, 1, 37050808, '2005-07-20 04:22:01', '1986-02-23 02:56:54'),
    (17, 17, 'Braun, Morissette and Kirlin', 17, 1, 0, 1, 467, '2008-08-22 08:45:52', '1977-09-25 23:52:11'),
    (18, 18, 'Muller, Witting and Streich', 18, 2, 0, 1, 597, '2006-11-12 18:51:24', '1977-06-24 06:43:52'),
    (19, 19, 'Little, Rath and Hayes', 19, 1, 0, 1, 12, '2006-05-02 15:05:01', '1973-05-19 06:14:57'),
    (20, 20, 'Rolfson, Gutmann and McKenzie', 20, 2, 1, 1, 8, '1975-07-01 04:07:58', '1997-05-27 16:33:55'),
    (21, 21, 'Blick-Legros', 21, 1, 1, 1, 34, '1987-05-27 06:05:43', '1999-02-06 07:24:19'),
    (22, 22, 'Predovic Inc', 22, 2, 1, 1, 0, '2019-10-07 21:11:51', '1978-12-14 23:51:50'),
    (23, 23, 'Rosenbaum and Sons', 23, 1, 0, 0, 3491179, '2012-05-30 21:33:07', '2008-05-05 02:51:06'),
    (24, 24, 'Bogan, Powlowski and Wilderman', 24, 2, 0, 1, 3850, '2016-04-24 03:57:30', '1985-05-21 06:04:26'),
    (25, 25, 'Streich Ltd', 25, 1, 1, 1, 50910229, '1993-05-12 13:35:29', '2017-12-26 15:44:13'),
    (26, 26, 'Cremin and Sons', 26, 2, 0, 0, 915184, '1987-08-07 05:56:20', '1994-11-16 12:48:02'),
    (27, 27, 'Crist-Donnelly', 27, 1, 1, 1, 98349, '1974-04-21 16:01:30', '1980-06-03 15:52:06'),
    (28, 28, 'Ebert-Schneider', 28, 2, 1, 0, 9, '1986-03-28 17:00:58', '2013-12-06 14:32:48'),
    (29, 29, 'Fahey-Strosin', 29, 1, 1, 1, 362, '1980-05-13 23:33:45', '2014-02-04 08:03:08'),
    (30, 30, 'Gleason, Bernier and Daugherty', 30, 2, 1, 1, 671, '1998-09-15 19:17:36', '2006-02-03 12:56:18'),
    (31, 31, 'Ankunding LLC', 31, 1, 1, 1, 0, '2009-07-01 22:11:40', '1985-01-06 14:58:19'),
    (32, 32, 'Conroy-Wisozk', 32, 2, 0, 1, 0, '1996-05-04 13:26:35', '1983-09-02 01:01:03'),
    (33, 33, 'Pagac, Hilpert and Bogan', 33, 1, 0, 0, 8, '1985-09-28 18:17:16', '1972-07-18 02:23:09'),
    (34, 34, 'Pfannerstill LLC', 34, 2, 1, 0, 0, '2018-12-21 18:58:39', '1985-11-10 04:47:28'),
    (35, 35, 'Leuschke, Dickens and Eichmann', 35, 1, 1, 0, 8345, '2006-01-27 14:24:22', '2015-04-30 03:13:18'),
    (36, 36, 'Kautzer, Klein and Wisoky', 36, 2, 1, 0, 1044, '1989-06-15 13:11:17', '2010-06-14 23:35:07'),
    (37, 37, 'Nolan-Zboncak', 37, 1, 1, 0, 70, '1995-05-10 05:35:00', '1986-08-02 08:09:12'),
    (38, 38, 'Nienow, Bradtke and Howell', 38, 2, 0, 0, 65370711, '2013-09-04 18:08:47', '2003-12-22 13:39:51'),
    (39, 39, 'Mitchell-Volkman', 39, 1, 0, 1, 86, '2007-08-05 11:15:24', '1999-01-16 08:45:55'),
    (40, 40, 'Hoeger-Bosco', 40, 2, 1, 0, 618, '1992-10-20 05:17:54', '1983-12-04 05:43:36'),
    (41, 41, 'Berge, Heathcote and Funk', 41, 1, 1, 1, 325254, '2020-06-21 20:41:34', '2002-11-02 11:36:19'),
    (42, 42, 'Willms PLC', 42, 2, 0, 1, 8972282, '1987-02-19 23:36:25', '1988-08-11 16:06:50'),
    (43, 43, 'Reichert, Schimmel and Collier', 43, 1, 1, 0, 596, '1989-08-29 20:56:28', '2016-01-25 05:14:23'),
    (44, 44, 'Cummerata, Bode and Abshire', 44, 2, 0, 0, 847295506, '1984-06-18 09:51:36', '1994-04-06 02:41:38'),
    (45, 45, 'Waelchi and Sons', 45, 1, 0, 0, 677, '1988-11-03 10:23:53', '2010-01-10 14:06:28'),
    (46, 46, 'Greenfelder, Pouros and Hoppe', 46, 2, 1, 0, 93498055, '1996-11-11 14:10:44', '2013-04-30 05:06:51'),
    (47, 47, 'Kemmer Inc', 47, 1, 1, 1, 277007947, '2010-12-02 13:43:45', '1970-08-05 00:48:15'),
    (48, 48, 'Armstrong Ltd', 48, 2, 0, 0, 724407, '2014-04-08 04:31:51', '1976-05-07 06:06:45'),
    (49, 49, 'Brown-Hettinger', 49, 1, 1, 0, 9725328, '2008-10-03 00:40:48', '1984-11-04 06:50:39'),
    (50, 50, 'Reilly Group', 50, 2, 0, 0, 49271633, '2003-10-21 20:01:22', '2001-12-12 21:16:43'),
    (51, 51, 'Mertz, Veum and Hagenes', 51, 1, 0, 1, 35500050, '2014-11-29 06:05:05', '1998-10-01 04:23:23'),
    (52, 52, 'Daugherty-Mante', 52, 2, 1, 1, 9314, '2007-07-19 05:58:49', '2014-02-23 15:41:34'),
    (53, 53, 'Luettgen-Harris', 53, 1, 1, 0, 8, '1971-01-03 11:15:44', '1978-05-10 06:48:18'),
    (54, 54, 'Nader Inc', 54, 2, 0, 0, 639599, '1989-06-30 17:05:15', '1975-09-03 16:53:37'),
    (55, 55, 'Wiegand-Doyle', 55, 1, 0, 0, 1, '1973-11-30 09:05:28', '1971-02-25 17:25:44'),
    (56, 56, 'Keeling-O\'Connell', 56, 2, 1, 0, 396544, '2009-06-02 07:33:14', '1985-12-08 12:05:46'),
    (57, 57, 'Kshlerin LLC', 57, 1, 1, 0, 24795484, '1991-10-16 21:11:48', '1976-04-01 23:18:23'),
    (58, 58, 'Robel Inc', 58, 2, 1, 0, 8764316, '1999-06-09 23:39:59', '1982-08-27 19:28:30'),
    (59, 59, 'Leffler, Bauch and Stark', 59, 1, 0, 0, 56652369, '1979-03-21 03:00:56', '2008-02-16 21:07:43'),
    (60, 60, 'Champlin Inc', 60, 2, 0, 1, 3, '1975-08-06 21:27:07', '2015-10-24 05:01:48'),
    (61, 61, 'Braun, O\'Keefe and Dooley', 61, 1, 1, 1, 55610255, '2009-11-16 13:34:41', '1978-10-17 15:59:49'),
    (62, 62, 'Rolfson LLC', 62, 2, 0, 0, 515355698, '1987-10-14 22:16:15', '1974-05-21 21:55:13'),
    (63, 63, 'Gutmann, Windler and Hilpert', 63, 1, 0, 0, 43584, '1997-07-19 08:37:27', '1987-06-07 16:21:20'),
    (64, 64, 'McClure-Wisoky', 64, 2, 1, 0, 16246, '1980-07-25 08:51:05', '2019-11-18 20:52:53'),
    (65, 65, 'Rogahn-Gutkowski', 65, 1, 0, 0, 81, '1989-07-28 09:51:58', '2009-07-07 08:20:52'),
    (66, 66, 'Nicolas-Kerluke', 66, 2, 0, 0, 6566, '2006-11-19 11:31:43', '1989-01-27 02:40:52'),
    (67, 67, 'Howe, DuBuque and Mraz', 67, 1, 1, 1, 43195424, '1970-11-07 08:26:55', '1977-05-14 00:45:09'),
    (68, 68, 'Schuster Ltd', 68, 2, 0, 1, 7, '2013-10-20 20:48:37', '1977-08-07 05:19:33'),
    (69, 69, 'Mills-Weber', 69, 1, 1, 0, 7570247, '1984-10-23 04:13:59', '1973-02-14 01:59:41'),
    (70, 70, 'Reilly, Bins and Osinski', 70, 2, 1, 1, 733, '1992-03-06 15:04:50', '2006-04-30 00:25:42'),
    (71, 71, 'Botsford Inc', 71, 1, 1, 1, 709465727, '1980-11-16 15:51:28', '1983-12-04 13:44:13'),
    (72, 72, 'Fritsch, Tromp and Sanford', 72, 2, 1, 0, 66, '1983-12-11 21:51:14', '1970-12-01 19:50:59'),
    (73, 73, 'Schulist, King and Goodwin', 73, 1, 1, 1, 49523, '2017-05-08 00:47:04', '2000-07-13 16:59:58'),
    (74, 74, 'Kshlerin, Hilpert and Schowalter', 74, 2, 0, 0, 403, '1997-05-02 00:19:05', '1987-10-24 16:49:43'),
    (75, 75, 'Cartwright and Sons', 75, 1, 1, 0, 4407, '1993-08-14 03:54:48', '1990-09-08 06:13:51'),
    (76, 76, 'Ratke PLC', 76, 2, 1, 1, 824, '2016-10-07 17:40:29', '1991-09-26 17:27:24'),
    (77, 77, 'Kris Group', 77, 1, 1, 1, 654, '1977-04-24 20:06:02', '1994-02-17 20:15:11'),
    (78, 78, 'Kozey, Hettinger and Williamson', 78, 2, 0, 0, 460017408, '1982-12-05 01:38:00', '1976-06-13 20:30:38'),
    (79, 79, 'Bauch-Willms', 79, 1, 1, 0, 31, '1996-08-14 11:10:21', '1983-07-13 19:53:20'),
    (80, 80, 'Carter-Emard', 80, 2, 0, 0, 239, '1995-02-16 23:34:58', '2011-07-08 21:57:45'),
    (81, 81, 'Roob PLC', 81, 1, 1, 0, 72030, '2018-08-23 05:29:26', '1985-09-14 04:37:09'),
    (82, 82, 'Weissnat-Olson', 82, 2, 0, 1, 986708, '2001-09-25 15:37:58', '2001-02-01 22:50:29'),
    (83, 83, 'Feil Group', 83, 1, 1, 0, 38, '1985-10-27 17:47:08', '1996-10-25 14:07:45'),
    (84, 84, 'Luettgen Group', 84, 2, 1, 1, 814, '1995-04-29 02:22:37', '2004-11-30 21:53:34'),
    (85, 85, 'Schowalter Group', 85, 1, 0, 0, 89679, '1996-07-23 18:00:53', '1970-04-01 14:54:57'),
    (86, 86, 'Hand-Schowalter', 86, 2, 0, 0, 253321329, '1984-12-30 21:49:12', '1981-02-26 08:24:00'),
    (87, 87, 'Schamberger-Kessler', 87, 1, 0, 0, 391273, '2014-12-25 22:42:35', '2008-09-01 02:10:50'),
    (88, 88, 'Lehner-Blanda', 88, 2, 1, 0, 3, '1982-12-25 14:40:03', '1986-10-23 22:55:22'),
    (89, 89, 'Dibbert-Jones', 89, 1, 1, 0, 0, '2003-05-09 02:18:17', '1972-08-01 21:34:33'),
    (90, 90, 'Grimes, O\'Reilly and Pagac', 90, 2, 1, 0, 557, '1973-02-07 15:43:33', '2019-01-24 01:08:46'),
    (91, 91, 'Batz-Wisozk', 91, 1, 1, 0, 808101938, '2007-11-19 02:24:27', '2000-04-16 17:18:10'),
    (92, 92, 'Maggio and Sons', 92, 2, 1, 1, 646421705, '2018-10-14 00:49:58', '2020-04-28 18:16:37'),
    (93, 93, 'Feest, Harvey and Metz', 93, 1, 1, 1, 86991, '1993-04-30 09:03:53', '1988-06-10 10:51:50'),
    (94, 94, 'Torphy Ltd', 94, 2, 0, 1, 46, '1989-04-13 17:22:01', '1994-01-20 14:06:51'),
    (95, 95, 'Schuster-Rutherford', 95, 1, 1, 1, 671187932, '2005-11-23 02:15:21', '1989-07-11 04:26:54'),
    (96, 96, 'Gerlach-Toy', 96, 2, 0, 1, 41290, '2000-11-01 19:29:29', '1982-04-19 00:09:30'),
    (97, 97, 'Hermann Group', 97, 1, 0, 0, 0, '1999-01-17 16:54:19', '1971-09-23 19:27:10'),
    (98, 98, 'Muller Inc', 98, 2, 1, 0, 587057300, '1987-07-12 15:29:25', '2004-07-11 02:10:18'),
    (99, 99, 'Tillman-Wunsch', 99, 1, 0, 1, 37224278, '1989-08-25 13:58:58', '2001-04-23 08:56:37'),
    (100, 100, 'Ullrich PLC', 100, 2, 1, 0, 4, '2005-01-10 05:01:59', '1979-01-20 05:19:15');
   
   
INSERT INTO
  stories_types (id, name, created_at, updated_at)
VALUES
    (1, 'Open', '2016-07-24 11:29:00', '1975-02-25 01:00:41'),
    (2, 'Best friends', '2010-01-31 12:40:09', '2006-08-14 03:06:20');

INSERT INTO
  target_types (id, name, created_at)
VALUES
    (1, 'users', '1972-10-29 09:13:58'),
    (2, 'publication', '1981-03-20 16:13:54'),
    (3, 'stories', '1976-09-26 05:27:13');
   
INSERT INTO
  users (id, nickname, email, phone, created_at)
VALUES
    (1, 'lula.dicki', 'claudie68@example.com', '131-340-8863x83432', '2015-03-12 18:04:11'),
    (2, 'keeling.colin', 'swilliamson@example.org', '1-487-303-6882x82078', '1976-12-12 15:08:59'),
    (3, 'antwan89', 'patricia.little@example.com', '1-612-758-5863', '1978-09-24 22:31:55'),
    (4, 'shields.reynold', 'alva.rosenbaum@example.org', '+07(5)8078195274', '1987-03-09 14:15:23'),
    (5, 'gyost', 'mfriesen@example.net', '1-777-874-0363', '1972-10-23 17:08:08'),
    (6, 'o\'connell.roslyn', 'eda17@example.net', '721-021-7729', '1980-01-29 03:24:25'),
    (7, 'rowan.dooley', 'gulgowski.ashton@example.org', '1-393-736-1639', '2001-05-21 01:27:29'),
    (8, 'addie24', 'maymie.cartwright@example.org', '(335)226-4174x637', '1995-06-18 04:38:56'),
    (9, 'kunze.ignacio', 'aherzog@example.net', '(284)944-2521x44668', '2014-04-03 21:56:13'),
    (10, 'jordyn24', 'donnelly.lonzo@example.org', '(783)893-7725x2162', '1970-01-12 16:19:43'),
    (11, 'eflatley', 'uharber@example.com', '(980)893-6482', '1999-07-05 15:16:18'),
    (12, 'conn.jordane', 'izaiah88@example.net', '01371731477', '2000-09-03 03:23:41'),
    (13, 'nathaniel.brown', 'carroll.freida@example.net', '(325)002-0855', '1973-07-07 15:57:15'),
    (14, 'nbatz', 'breanne16@example.com', '+96(3)6880730698', '1979-05-01 16:38:55'),
    (15, 'alice22', 'will.ericka@example.org', '045-025-6149x19723', '1975-08-17 16:39:03'),
    (16, 'loyal30', 'kreiger.maiya@example.com', '645.475.7288', '1985-08-04 01:25:37'),
    (17, 'sbechtelar', 'adella.stoltenberg@example.net', '02576294461', '1994-12-26 19:16:53'),
    (18, 'mckenzie01', 'samir.tremblay@example.net', '02601556892', '1999-11-03 08:50:14'),
    (19, 'aabshire', 'ilangosh@example.net', '+47(6)2127117020', '1988-06-24 22:23:50'),
    (20, 'wiegand.marie', 'conn.paige@example.net', '513.123.9831', '1995-02-26 17:06:11'),
    (21, 'jana.o\'conner', 'gleason.kailey@example.com', '(463)334-5194', '2010-06-27 01:33:57'),
    (22, 'pbergstrom', 'zweissnat@example.com', '261-720-8540', '2007-11-01 19:30:26'),
    (23, 'emie55', 'carmella.harris@example.com', '416-030-2526x3298', '1990-08-19 15:14:31'),
    (24, 'collier.catherine', 'caden.rohan@example.net', '+21(9)6633078244', '1986-11-01 16:17:10'),
    (25, 'mitchell.cheyanne', 'herman.marquise@example.org', '214-563-8411x87268', '1984-12-27 23:42:53'),
    (26, 'ffahey', 'sven05@example.com', '018.824.3382x64920', '1976-06-03 21:23:07'),
    (27, 'maggio.shanel', 'marcelle81@example.net', '014.797.9400x0080', '2003-07-28 10:37:13'),
    (28, 'kristian49', 'freida96@example.com', '(144)820-8448x776', '1973-11-30 17:28:40'),
    (29, 'helga38', 'lura.mcclure@example.net', '(265)350-2512', '1995-03-01 23:48:45'),
    (30, 'adell.gaylord', 'keeley.mcdermott@example.com', '1-446-932-2763x6327', '1998-11-06 01:19:37'),
    (31, 'toy.kaleigh', 'idaugherty@example.com', '832.273.3012x549', '2002-11-17 21:19:31'),
    (32, 'aisha62', 'ila.bins@example.org', '(057)021-9641x351', '2008-07-07 05:55:28'),
    (33, 'zander.wisoky', 'o\'reilly.carolyn@example.net', '(408)961-8916', '2020-02-03 09:13:10'),
    (34, 'esipes', 'schowalter.enos@example.com', '110-312-1735x917', '1972-01-13 01:57:23'),
    (35, 'michale.considine', 'corwin.emelia@example.net', '03749986296', '1974-12-21 11:00:21'),
    (36, 'hauck.manley', 'charlene70@example.net', '09149390185', '1977-08-16 00:17:08'),
    (37, 'gene30', 'hhickle@example.com', '1-079-201-2525x732', '2020-01-22 19:27:43'),
    (38, 'ugreen', 'kieran41@example.net', '342.150.1998x5111', '2015-05-13 06:13:21'),
    (39, 'uterry', 'nathanael40@example.com', '+91(3)0289688817', '1974-07-16 00:03:38'),
    (40, 'jenifer.corwin', 'kaylah.bradtke@example.org', '060-711-2792', '2009-10-08 23:40:32'),
    (41, 'zgutmann', 'mkutch@example.net', '434-732-6058', '1999-03-26 14:31:08'),
    (42, 'macie21', 'kshields@example.net', '07112715736', '2008-07-23 15:18:15'),
    (43, 'shahn', 'collier.jeanie@example.net', '476-896-9058x8406', '1995-11-21 09:52:44'),
    (44, 'sallie.moore', 'kamille03@example.com', '1-310-540-8114x978', '2001-08-26 14:44:16'),
    (45, 'benton.raynor', 'hayes.ivory@example.org', '03445199090', '1992-12-23 14:07:06'),
    (46, 'ohirthe', 'maya23@example.net', '542-114-6207x74419', '1992-10-13 04:13:30'),
    (47, 'alan.abernathy', 'patrick.walter@example.net', '081.727.9712x675', '1971-04-16 11:39:33'),
    (48, 'bridie14', 'smurazik@example.net', '1-863-386-7802x83773', '1981-08-07 20:42:56'),
    (49, 'felicity.oberbrunner', 'nona66@example.com', '09713304215', '2000-03-03 13:50:03'),
    (50, 'freda17', 'brandy.d\'amore@example.org', '038-453-5049x64434', '2008-08-22 16:37:13'),
    (51, 'velda35', 'ysanford@example.com', '1-666-278-5891', '2011-02-16 08:14:17'),
    (52, 'nickolas34', 'isom.hand@example.net', '00691284524', '2008-05-31 22:26:34'),
    (53, 'rohan.judson', 'martin.bruen@example.com', '+97(7)3033099024', '2000-06-23 06:53:38'),
    (54, 'wisoky.kelsie', 'ruecker.weldon@example.net', '1-407-226-4349', '1992-01-08 10:58:29'),
    (55, 'emilia63', 'mckenzie.coby@example.org', '(865)232-0430', '2008-07-06 09:00:42'),
    (56, 'rrogahn', 'jany.douglas@example.org', '149.395.2068', '1978-08-20 19:00:20'),
    (57, 'dyost', 'lorenz.towne@example.net', '232-852-9342', '1984-09-29 01:30:25'),
    (58, 'amohr', 'jbashirian@example.org', '04177931494', '1972-05-06 17:36:32'),
    (59, 'pedro.denesik', 'plittel@example.net', '1-256-677-1675x24759', '1998-02-19 08:57:11'),
    (60, 'anne.simonis', 'ntillman@example.com', '870-692-3187x511', '1993-04-17 15:01:11'),
    (61, 'aryanna.casper', 'zula40@example.net', '(281)855-1282x622', '2008-09-24 20:40:00'),
    (62, 'mbergstrom', 'marvin.o\'connell@example.org', '04912481358', '1973-10-04 12:51:20'),
    (63, 'satterfield.joseph', 'bledner@example.net', '02232529914', '1988-02-14 14:28:31'),
    (64, 'clark.nicolas', 'antonette.kling@example.net', '053.960.7304x45158', '1999-09-05 23:04:48'),
    (65, 'justus.flatley', 'keeling.burnice@example.net', '602.499.8544', '1982-11-21 03:04:12'),
    (66, 'fwisozk', 'rey10@example.com', '(216)594-6259x44507', '2013-03-22 10:12:17'),
    (67, 'murray.royce', 'brendon.crist@example.net', '188-718-5183x0864', '1998-11-02 08:33:38'),
    (68, 'streich.kiara', 'maya51@example.com', '724.729.8226x1218', '1992-02-23 05:19:10'),
    (69, 'larue17', 'joy60@example.org', '1-732-711-2661x754', '2001-06-14 23:05:37'),
    (70, 'noe.oberbrunner', 'hcollins@example.net', '06487449583', '1970-01-28 11:37:36'),
    (71, 'loy36', 'anabel.bode@example.net', '+54(8)9575163965', '1972-06-10 02:25:42'),
    (72, 'moriah.volkman', 'marlee92@example.org', '940.924.6712x83190', '2014-09-03 10:12:13'),
    (73, 'ernser.mellie', 'hills.milo@example.com', '03146191351', '1970-01-11 05:29:12'),
    (74, 'sonia71', 'clement.koss@example.net', '737-391-1435x074', '1986-01-06 18:31:09'),
    (75, 'waino16', 'king.sibyl@example.net', '468.806.4288x4741', '1970-08-10 00:45:46'),
    (76, 'gladyce09', 'irma89@example.com', '652-339-9147x149', '1998-11-12 17:40:42'),
    (77, 'retha15', 'will.cecelia@example.net', '340.475.6103', '1980-08-16 08:43:58'),
    (78, 'epadberg', 'ucronin@example.net', '292.715.4375', '1991-09-03 21:00:23'),
    (79, 'koss.johnathan', 'turner.felipe@example.com', '1-826-793-6514', '1973-10-17 03:58:21'),
    (80, 'brown44', 'o\'keefe.colt@example.org', '1-449-362-0632', '1974-11-10 22:43:49'),
    (81, 'hmorissette', 'ublock@example.org', '855.489.5965x5140', '2019-10-04 22:12:37'),
    (82, 'chelsea74', 'kyleigh42@example.com', '(822)423-4030x8212', '1973-11-10 05:54:42'),
    (83, 'uwehner', 'dbarrows@example.net', '(332)188-7439', '2010-06-23 00:29:19'),
    (84, 'stokes.brielle', 'imani.barton@example.com', '1-966-636-8607x2099', '1975-04-30 19:44:01'),
    (85, 'larkin.myrl', 'arlo39@example.org', '473.335.9738x778', '2016-06-14 04:37:23'),
    (86, 'dach.josie', 'darren57@example.com', '1-914-698-1199x097', '1989-06-18 21:20:43'),
    (87, 'sdickinson', 'alberta98@example.org', '(093)274-0287x827', '1981-12-16 03:01:43'),
    (88, 'laura.littel', 'aniyah44@example.com', '551-495-9837x68508', '1971-09-26 08:23:16'),
    (89, 'karine.runolfsdottir', 'torphy.bertram@example.net', '702.664.9366', '2002-03-09 04:04:42'),
    (90, 'derick.abbott', 'xhuel@example.com', '06952142558', '2013-08-11 17:28:54'),
    (91, 'hwalsh', 'chelsea56@example.com', '139-808-5208', '1979-05-25 22:31:25'),
    (92, 'cristina.lemke', 'schoen.chance@example.net', '(816)483-9313x274', '1975-11-25 10:26:49'),
    (93, 'celine47', 'lesch.dylan@example.com', '(088)840-7753x2870', '2017-01-10 21:43:18'),
    (94, 'dennis47', 'anissa.medhurst@example.org', '1-224-551-2951x965', '1988-04-03 03:58:47'),
    (95, 'melyssa.senger', 'batz.bobbie@example.org', '(562)462-5380x733', '1997-12-05 23:59:30'),
    (96, 'wwunsch', 'jessika.purdy@example.com', '1-731-219-0808x8590', '1988-01-17 02:49:51'),
    (97, 'ted.pouros', 'zemlak.billie@example.com', '354-963-5097', '2017-04-04 06:47:32'),
    (98, 'fay.bogisich', 'ardith.hirthe@example.com', '(418)198-3095x368', '2011-06-18 09:57:14'),
    (99, 'jarrod.breitenberg', 'beaulah.thompson@example.org', '932-835-0494x75475', '1976-01-03 19:28:11'),
    (100, 'lee.fay', 'gerhold.sheridan@example.org', '(164)993-5310', '2018-05-21 09:19:27');
   

